County,Sector,2020,2019,2018,2017,2016,2015,2014,2013,2012,2011,2010,2009,2008,2007,2006,2005,2004,2003,2002,2001,2000,1999,1998,1997,1996,1995,1994,1993,1992,1991,1990,Total Usage
ALAMEDA,Non-Residential,6938.942891,7906.188859,7624.948278,8095.156563,7870.029885,7345.08846,7410.655477,7635.87961,7593.020906,7954.326041,7700.744182,7342.418997,8182.105107,8766.368029,8063.871945,8040.677492,7773.157395,7662.43112,7613.366379,7443.365995,7736.055471,7766.058995,7193.581963,7823.244481,7769.025061,7309.930938,6668.237122,7260.776432,6822.523242,6809.573768,7109.299895,235231.051
ALAMEDA,Residential,3308.467553,3015.393947,2948.368675,2995.051965,2920.921179,2897.493974,2894.253363,2986.226437,2999.683662,3024.848218,3021.677436,3016.750714,2996.423893,2971.909026,3118.292069,3025.275108,2897.838896,2937.121764,2811.630947,2745.213966,2926.11798,2890.767335,2791.331173,2674.834394,2615.308775,2548.457958,2774.566317,2529.229286,2465.000074,2515.20997,2498.265626,88761.93168
ALAMEDA,Total,10247.41044,10921.58281,10573.31695,11090.20853,10790.95107,10242.58243,10304.90884,10622.10605,10592.70457,10979.17426,10722.42162,10359.16971,11178.529,11738.27705,11182.16401,11065.9526,10670.99629,10599.55288,10424.99733,10188.57996,10662.17345,10656.82633,9984.913137,10498.07888,10384.33384,9858.388895,9442.803439,9790.005719,9287.523316,9324.783738,9607.565521,323992.9827
SAN MATEO,Non-Residential,2515.599714,2803.114989,2747.317227,2836.572778,2844.100878,2930.845254,2951.891731,2959.504373,2929.060855,2967.483009,3150.016017,3357.357064,3463.933211,3407.557001,3074.124959,2976.164049,3217.27858,3098.579719,2701.606632,2754.706862,3222.07999,2991.725355,2899.264542,2872.936277,2674.765973,2608.135044,2530.109789,2539.764883,2536.05216,2489.600546,2574.698985,89625.94845
SAN MATEO,Residential,1651.906843,1538.968803,1510.637228,1524.206834,1501.044557,1507.180942,1507.281275,1574.115637,1586.291938,1605.584329,1617.719019,1614.531119,1613.053964,1593.387963,1597.629153,1568.4222,1545.741158,1514.162099,1513.326802,1475.198816,1586.723204,1591.034395,1534.497299,1483.444353,1445.210949,1413.561677,1412.081315,1415.799756,1371.915575,1400.528192,1392.880024,47208.06742
SAN MATEO,Total,4167.506557,4342.083791,4257.954455,4360.779612,4345.145435,4438.026196,4459.173005,4533.62001,4515.352793,4573.067338,4767.735036,4971.888183,5076.987175,5000.944963,4671.754112,4544.586248,4763.019737,4612.741819,4214.933433,4229.905678,4808.803193,4582.75975,4433.76184,4356.38063,4119.976922,4021.696721,3942.191103,3955.564639,3907.967735,3890.128738,3967.579009,136834.0159
LOS ANGELES,Non-Residential,42736.77492,46105.55085,47361.08362,47960.38302,49095.00332,49066.206,49178.0711,47727.84957,48169.00306,48113.92708,48522.30505,49346.67319,50953.72104,50708.51125,50547.06276,50269.47397,49696.55228,49453.24395,49792.1976,51528.46192,50552.05427,49048.16589,48471.75492,48285.60143,47858.7048,45642.42614,46716.10028,46441.64974,46896.07258,46403.95689,47787.07492,1500435.617
LOS ANGELES,Residential,22913.1031,20699.46807,20525.58907,20671.69122,20295.25627,20436.65061,20745.73509,20614.32717,21079.32768,20065.71138,19721.79503,20590.54897,21115.80783,20536.22535,20377.05411,19711.03736,19507.04179,19056.04771,17917.33927,18212.58304,18891.63726,17665.12029,17234.6328,17578.66111,16322.04568,16823.62935,16065.5834,15759.08304,16377.79499,16310.88407,16960.72006,590782.1322
LOS ANGELES,Total,65649.87801,66805.01892,67886.67269,68632.07424,69390.25959,69502.85661,69923.8062,68342.17675,69248.33074,68179.63846,68244.10008,69937.22216,72069.52888,71244.73659,70924.11687,69980.51133,69203.59407,68509.29166,67709.53687,69741.04496,69443.69153,66713.28618,65706.38772,65864.26254,64180.75048,62466.05549,62781.68367,62200.73278,63273.86757,62714.84095,64747.79498,2091217.75
MERCED,Non-Residential,2443.906781,2999.848457,2841.942098,3230.839107,2759.898988,2215.797556,2302.390082,2359.602611,2601.121211,2980.989107,2737.518287,2065.608563,2055.729729,3009.858453,2153.967789,2275.321949,2470.215537,2264.325693,2388.289927,2265.793743,2326.722409,2719.787749,1891.781747,2239.912634,2259.405903,2082.363487,1684.929839,2338.4784,1728.999635,1630.122838,1891.488283,73216.95859
MERCED,Residential,817.630101,722.21796,717.748867,742.200816,706.911163,707.891222,719.565532,698.583718,704.225763,677.187099,658.127325,676.946532,669.135374,658.162774,654.680604,620.922152,612.592948,593.007899,562.77454,539.40605,555.908097,536.279291,519.539331,509.773267,502.477454,475.984955,471.520428,464.213059,414.612266,410.238408,445.584211,18766.04921
MERCED,Total,3261.536882,3722.066418,3559.690965,3973.039923,3466.810151,2923.688778,3021.955614,3058.186328,3305.346975,3658.176206,3395.645612,2742.555095,2724.865104,3668.021227,2808.648393,2896.244101,3082.808485,2857.333593,2951.064466,2805.199793,2882.630506,3256.06704,2411.321078,2749.685901,2761.883357,2558.348443,2156.450267,2802.691459,2143.611901,2040.361245,2337.072494,91983.0078
VENTURA,Non-Residential,3438.904707,3602.761644,3654.93038,3681.758604,3677.232895,3774.074613,3581.216316,3496.142687,3603.209424,3669.891625,3662.761125,3731.82233,4026.761862,3855.33585,3925.706373,3863.204331,3833.393092,3647.245704,3995.82334,3631.755263,4219.879177,3851.578802,3529.880207,3386.577083,3234.9659,3169.761569,3131.497167,3088.869198,3029.454746,3062.385239,3140.335462,111199.1167
VENTURA,Residential,2023.027695,1859.920027,1792.317836,1827.933348,1778.723993,1817.453627,1905.50716,1901.986362,1918.996358,1800.861122,1788.88901,1855.118073,1891.185623,1840.943618,1765.024934,1785.617789,1743.615464,1692.275012,1582.514287,1533.135745,1652.825607,1519.146669,1462.680976,1481.608592,1426.889935,1385.918311,1395.507016,1351.133971,1371.460201,1348.88449,1349.773045,51850.8759
VENTURA,Total,5461.932402,5462.68167,5447.248216,5509.691952,5455.956888,5591.52824,5486.723476,5398.129049,5522.205781,5470.752747,5451.650135,5586.940402,5917.947485,5696.279468,5690.731308,5648.82212,5577.008556,5339.520716,5578.337627,5164.891008,5872.704785,5370.725471,4992.561183,4868.185675,4661.855835,4555.67988,4527.004183,4440.003169,4400.914947,4411.26973,4490.108507,163049.9926
TUOLUMNE,Non-Residential,233.52668,240.898769,244.790321,243.531187,238.282526,235.269209,234.039385,240.763618,233.46427,224.999074,211.800938,222.367042,203.31491,210.541422,503.206206,261.292037,222.674649,205.366731,218.972553,217.069701,247.175337,229.161142,222.044267,189.580156,164.130195,212.190963,239.120033,268.216975,253.808013,248.55879,247.077631,7367.23473
TUOLUMNE,Residential,225.817354,211.080586,208.626816,217.220577,209.496378,206.746534,206.394527,220.057501,220.626327,220.781305,223.120162,224.598021,224.826821,223.197441,219.319629,213.712291,217.990678,207.067567,208.126042,200.323222,207.414036,206.826367,203.618627,191.286347,189.765704,186.285027,185.058503,187.026583,181.083104,186.355869,184.325696,6418.175642
TUOLUMNE,Total,459.344034,451.979355,453.417136,460.751763,447.778904,442.015743,440.433912,460.82112,454.090597,445.78038,434.921101,446.965063,428.141731,433.738863,722.525835,475.004328,440.665328,412.434298,427.098595,417.392923,454.589373,435.987509,425.662893,380.866502,353.895899,398.475991,424.178536,455.243558,434.891116,434.914659,431.403327,13785.41037
INYO,Non-Residential,142.933794,149.686744,151.088303,145.832992,167.683839,151.170724,154.197065,172.985481,179.612457,179.955851,172.162083,173.143499,155.947972,159.551245,166.397993,165.693876,175.855193,165.564074,174.030879,172.518465,179.985939,82.784132,61.149428,60.496685,58.761216,54.044894,49.959156,46.434196,45.375623,50.120816,57.256892,4022.381506
INYO,Residential,62.663178,60.775926,58.211619,58.875315,62.579658,57.075049,60.835049,60.150255,60.797867,57.624341,57.601839,58.212355,54.828176,56.783709,52.92328,56.395314,57.014938,49.434953,49.333746,48.276794,50.570005,33.414984,33.776659,32.764011,32.911372,31.733539,32.704783,32.482845,32.188117,32.58166,32.221356,1517.742692
INYO,Total,205.596972,210.462669,209.299923,204.708307,230.263496,208.245773,215.032114,233.135736,240.410324,237.580192,229.763922,231.355853,210.776148,216.334953,219.321273,222.08919,232.870131,214.999027,223.364624,220.795259,230.555944,116.199116,94.926087,93.260696,91.672588,85.778432,82.663938,78.917041,77.56374,82.702477,89.478248,5540.124193
MONTEREY,Non-Residential,1705.319208,1812.554845,1825.982845,1899.558105,1895.218914,1984.487836,1929.051809,1910.74687,1828.013315,1843.053711,1841.200183,1872.450048,1892.450231,1847.752426,1830.143106,1841.878245,1894.044841,1892.324993,1873.321511,1812.776267,1781.430644,1760.463201,1595.669729,1697.140491,1611.846788,1653.170323,1469.488018,1580.264553,1603.946975,1554.778845,1514.286576,55054.81545
MONTEREY,Residential,728.953649,686.978528,680.274035,682.293369,685.658176,681.562342,684.890926,722.720582,728.651101,732.823234,734.071403,731.122341,731.221588,741.622688,728.571839,715.492444,724.958049,707.439608,693.574647,684.046614,721.000162,724.201473,680.13944,654.768601,634.604678,623.04451,622.894636,622.10241,606.054357,630.03829,607.814014,21333.58973
MONTEREY,Total,2434.272857,2499.533372,2506.256881,2581.851474,2580.87709,2666.050178,2613.942734,2633.467452,2556.664415,2575.876946,2575.271586,2603.57239,2623.671819,2589.375114,2558.714945,2557.370689,2619.00289,2599.7646,2566.896157,2496.822881,2502.430806,2484.664673,2275.809169,2351.909092,2246.451466,2276.214833,2092.382654,2202.366963,2210.001332,2184.817134,2122.10059,76388.40518
SANTA CLARA,Non-Residential,12043.35771,12703.35469,12857.09439,13066.59501,13022.92769,12957.12125,12829.09484,12668.24571,12622.32299,12626.22524,12343.10652,12590.65881,12776.82284,12558.0655,11964.91901,11679.4333,11581.00034,11325.29994,10889.35815,11764.36109,12796.93871,12643.55409,12084.42739,11824.23273,11097.02845,10793.25191,10730.37174,10853.00388,10930.50757,10797.18305,10912.63943,372332.504
SANTA CLARA,Residential,4392.364209,3983.468475,3856.160526,3964.581384,3809.547596,3857.197217,3850.512708,3916.473837,3888.083275,3924.698466,3923.31482,3969.525469,3955.006887,3900.018764,4091.665975,3885.280825,3777.604582,3856.745985,3631.788038,3632.546272,3816.316597,3773.114506,3649.258914,3509.355246,3408.446035,3295.025941,3205.731343,3240.047942,3148.037332,3163.287437,3137.451293,115412.6579
SANTA CLARA,Total,16435.72192,16686.82317,16713.25491,17031.17639,16832.47528,16814.31847,16679.60755,16584.71955,16510.40627,16550.92371,16266.42135,16560.18428,16731.82973,16458.08426,16056.58499,15564.71412,15358.60492,15182.04593,14521.14618,15396.90736,16613.25531,16416.6686,15733.68631,15333.58797,14505.47448,14088.27785,13936.10308,14093.05183,14078.54491,13960.47048,14050.09072,487745.1619
RIVERSIDE,Non-Residential,8014.699265,8165.546506,8248.46133,8229.302912,8249.798573,8189.368734,8773.14701,8543.18055,8613.756566,7833.966368,7720.695045,7897.188054,8315.317784,8269.474632,8294.186619,7849.840654,7681.845031,7283.344285,6676.184777,5734.934387,6715.279728,6120.459356,5555.655893,5515.358967,5288.372868,5077.687698,4985.983153,3644.368289,3585.566367,3517.474625,3382.85111,211973.2971
RIVERSIDE,Residential,8843.231701,7681.42415,7646.485987,7636.566993,7171.69516,7073.687749,6768.578793,6602.623465,6674.664962,6579.046974,6336.950982,6606.650256,6772.576074,6682.858843,6902.474356,5392.070427,5018.73841,5469.039951,4832.823639,4682.527247,4908.383437,4631.33584,4405.222929,4324.404946,4263.842855,4060.42259,4026.994776,3525.50925,3625.50262,3387.375972,3381.206731,175914.9181
RIVERSIDE,Total,16857.93097,15846.97066,15894.94732,15865.86991,15421.49373,15263.05648,15541.7258,15145.80402,15288.42153,14413.01334,14057.64603,14503.83831,15087.89386,14952.33347,15196.66098,13241.91108,12700.58344,12752.38424,11509.00842,10417.46163,11623.66317,10751.7952,9960.878822,9839.763913,9552.215723,9138.110289,9012.977929,7169.87754,7211.068987,6904.850597,6764.057841,387888.2152
STANISLAUS,Non-Residential,3040.987826,2964.629767,3006.612321,3027.304561,3035.043044,3052.022931,3029.013037,2979.238802,2961.133426,2806.00237,2786.632665,2849.082562,2968.373058,2981.958802,3029.605729,2975.815976,2878.938764,2889.609889,2853.880348,2704.937058,2796.596717,2703.323119,2626.015697,2508.892043,2447.023832,2332.549228,2283.322095,2187.753688,2269.231228,2302.615775,2217.459032,85495.60539
STANISLAUS,Residential,2014.983126,1798.19105,1802.406252,1841.850761,1719.715298,1702.147906,1717.162305,1693.417839,1692.160003,1661.569396,1630.366151,1714.649532,1709.150943,1677.357681,1731.836812,1651.979906,1618.975442,1609.939496,1504.594058,1429.157446,1447.537253,1377.489813,1367.577234,1331.017855,1331.3099,1244.928194,1255.78003,1219.004491,1291.823418,1301.658558,1196.224573,48285.96272
STANISLAUS,Total,5055.970952,4762.820817,4809.018572,4869.155322,4754.758342,4754.170838,4746.175342,4672.656641,4653.29343,4467.571765,4416.998815,4563.732094,4677.524001,4659.316482,4761.442542,4627.795882,4497.914206,4499.549385,4358.474406,4134.094504,4244.13397,4080.812932,3993.592931,3839.909898,3778.333732,3577.477421,3539.102124,3406.75818,3561.054646,3604.274334,3413.683605,133781.5681
MODOC,Non-Residential,106.676871,87.008244,91.479978,93.165331,95.295009,110.477618,114.421846,108.013082,106.445139,87.87527,93.743318,97.685553,97.82181,87.753975,101.258056,95.925456,95.225146,112.642497,106.295988,108.410231,109.576587,109.597951,84.428478,107.788858,111.510432,83.522654,88.038808,97.560813,109.085654,73.770641,89.335467,3061.836761
MODOC,Residential,58.601449,58.184161,57.497851,59.64578,56.800893,54.195965,53.517659,61.093796,57.506586,61.390742,60.299122,61.354571,63.026113,58.710808,59.044041,57.577305,56.453333,56.767659,55.363948,53.73311,55.575865,56.781566,58.079964,56.8023,64.699111,53.878076,55.755366,58.621914,53.699222,54.60313,50.605452,1779.866858
MODOC,Total,165.27832,145.192405,148.977829,152.811111,152.095902,164.673583,167.939506,169.106878,163.951725,149.266012,154.04244,159.040124,160.847923,146.464782,160.302097,153.502761,151.678479,169.410156,161.659936,162.143341,165.152453,166.379517,142.508443,164.591158,176.209543,137.40073,143.794174,156.182727,162.784875,128.373771,139.940919,4841.70362
EL DORADO,Non-Residential,435.62683,465.234481,469.638519,480.78795,461.864826,450.891949,470.485334,486.825161,488.102454,480.680149,476.557161,498.260475,515.146297,514.797407,519.415503,475.125327,442.098754,419.717387,458.928107,478.336821,474.338387,454.567158,433.336892,423.822846,422.5359,398.007576,369.031987,369.16378,363.447253,342.454657,352.182173,13891.4095
EL DORADO,Residential,820.014926,760.77335,748.631682,778.860125,753.118702,723.806295,723.359561,757.876016,765.94886,763.662056,764.194066,770.73227,771.587719,760.614467,760.147472,731.97106,723.288736,689.488039,665.911883,635.351306,659.091005,645.347884,634.835862,591.638586,576.954082,558.651068,548.553618,550.149822,529.892679,539.328355,524.585004,21228.36656
EL DORADO,Total,1255.641756,1226.007831,1218.270201,1259.648075,1214.983528,1174.698244,1193.844895,1244.701177,1254.051314,1244.342205,1240.751227,1268.992745,1286.734016,1275.411874,1279.562975,1207.096387,1165.387489,1109.205427,1124.839991,1113.688127,1133.429392,1099.915042,1068.172754,1015.461433,999.489981,956.658644,917.585605,919.313603,893.339931,881.783012,876.767177,35119.77606
KINGS,Non-Residential,1444.913553,1233.341708,1398.933416,1133.245386,1424.310888,1406.585693,1440.017026,1413.102651,1311.567565,1068.367488,1103.794173,1220.239374,1136.639608,1076.644196,1031.801356,984.737346,1008.941578,763.561952,688.776134,640.814277,643.209937,693.797213,674.310508,731.746107,690.887686,662.551733,769.032434,657.159263,787.960918,785.165653,739.232692,30765.38951
KINGS,Residential,432.346131,388.387877,375.14876,379.810579,365.065164,368.123705,377.143813,371.625369,369.23932,354.653858,348.778435,364.96414,358.929498,346.799155,355.549686,330.186871,326.267423,313.893966,291.759513,283.642465,291.393185,273.951361,265.431352,265.212348,261.264399,243.132359,241.366747,232.703312,233.932851,231.619948,224.178059,9866.501649
KINGS,Total,1877.259683,1621.729585,1774.082176,1513.055965,1789.376052,1774.709398,1817.160839,1784.72802,1680.806884,1423.021346,1452.572608,1585.203513,1495.569106,1423.443351,1387.351042,1314.924217,1335.209,1077.455918,980.535647,924.456742,934.603122,967.748574,939.74186,996.958456,952.152085,905.684092,1010.399181,889.862575,1021.893769,1016.785601,963.410751,40631.89116
SAN DIEGO,Non-Residential,11657.67945,12415.79786,12768.02161,12614.44692,12964.56127,13045.63771,13069.64771,12812.09711,12655.258,12429.08519,12488.26644,12770.54343,13071.30332,12894.53594,12703.05082,12139.56344,12112.56492,11498.21637,11112.41437,10854.81444,12115.88844,11593.13365,10681.72672,10449.25086,9974.420217,9684.593367,9515.537904,9359.186998,9381.470483,8890.077469,9191.469088,358914.2615
SAN DIEGO,Residential,7387.046267,6573.152838,6711.739591,6747.412499,6677.171207,6826.944131,6830.15182,6782.571757,6892.874708,6692.268102,6626.887524,6790.824725,6916.899923,6751.637513,6718.078167,6327.958855,6331.095832,6043.330468,5677.83069,5494.498504,5853.184856,5840.593866,5713.605691,5530.367207,5385.364689,5213.745075,5218.545736,5062.419031,5120.24095,4879.208742,5204.506395,190822.1574
SAN DIEGO,Total,19044.72572,18988.9507,19479.7612,19361.85942,19641.73248,19872.58184,19899.79953,19594.66886,19548.1327,19121.3533,19115.15396,19561.36815,19988.20324,19646.17346,19421.12899,18467.5223,18443.66075,17541.54684,16790.24506,16349.31295,17969.0733,17433.72751,16395.33241,15979.61807,15359.78491,14898.33844,14734.08364,14421.60603,14501.71143,13769.28621,14395.97548,549736.4189
IMPERIAL,Non-Residential,834.483019,839.095659,831.318925,817.450656,895.952526,884.977279,910.369717,920.033589,931.260079,915.34463,894.413782,912.240599,961.130543,877.690028,908.801979,936.009552,948.427988,912.367114,810.702212,869.703226,721.711678,559.984103,620.023033,813.513137,822.645625,810.42616,794.266556,763.275605,686.033622,644.086319,640.630874,25688.36981
IMPERIAL,Residential,651.747098,577.57133,636.399959,627.829465,544.605639,534.139455,536.135344,530.496211,539.425171,513.96626,497.95162,514.220201,502.318925,522.130207,527.443761,486.203706,478.09832,476.96526,445.546523,464.963026,370.534379,403.588289,367.229676,350.996039,330.261908,304.076615,310.161299,67.399539,67.375904,77.573168,136.984365,13394.33866
IMPERIAL,Total,1486.230116,1416.666988,1467.718883,1445.280122,1440.558165,1419.116734,1446.505061,1450.5298,1470.68525,1429.31089,1392.365402,1426.4608,1463.449468,1399.820236,1436.245739,1422.213258,1426.526308,1389.332374,1256.248736,1334.666253,1092.246057,963.572392,987.252709,1164.509176,1152.907533,1114.502774,1104.427855,830.675143,753.409526,721.659488,777.615239,39082.70848
TRINITY,Non-Residential,139.044118,125.405784,120.411967,125.816034,117.730556,101.051829,107.412887,108.320334,100.586127,109.583381,77.454181,83.031267,2.423341,1.991885,62.783185,63.824159,6.957762,15.714568,15.087174,2.208223,2.480198,2.799628,2.31293,2.864903,2.968178,3.00278,3.086261,6.321745,9.538606,10.250799,10.094531,1542.559321
TRINITY,Residential,10.566031,9.517829,10.070621,11.466836,10.834642,10.104943,10.276209,11.067992,11.337604,11.4722,11.181879,10.5832,9.961603,9.410624,8.548091,8.258118,8.393645,7.839283,7.947296,7.554643,7.86844,7.574803,7.393925,7.337407,7.248651,7.045808,7.025787,17.383441,25.816312,26.623264,26.298566,344.009693
TRINITY,Total,149.610149,134.923613,130.482588,137.28287,128.565198,111.156772,117.689096,119.388326,111.923731,121.055581,88.63606,93.614467,12.384944,11.402509,71.331277,72.082278,15.351407,23.553851,23.03447,9.762866,10.348639,10.374431,9.706855,10.202311,10.216828,10.048588,10.112048,23.705185,35.354918,36.874063,36.393096,1886.569015
COLUSA,Non-Residential,249.384219,224.262192,235.555578,227.652879,233.971861,243.903307,240.341584,233.964237,214.866103,207.051296,193.170193,200.079944,193.102229,186.457499,183.224933,184.719636,175.42303,163.501641,198.647619,196.950031,184.207127,187.789259,150.243733,160.209239,151.239858,144.016009,154.01777,145.180261,145.705115,143.530792,145.04475,5897.413924
COLUSA,Residential,73.250484,66.850386,65.425177,68.39382,64.793233,64.340477,64.860402,64.840356,65.673456,64.394165,63.423289,65.591311,64.248522,64.192325,65.002036,63.475316,59.630949,58.221327,54.71279,53.398152,56.692548,54.987594,54.668412,54.037338,53.461666,50.557113,50.078667,49.733609,50.535778,50.731018,50.598114,1850.79983
COLUSA,Total,322.634703,291.112578,300.980754,296.046698,298.765094,308.243785,305.201986,298.804592,280.539559,271.44546,256.593482,265.671255,257.350752,250.649824,248.226969,248.194952,235.05398,221.722968,253.360409,250.348184,240.899676,242.776854,204.912146,214.246577,204.701523,194.573122,204.096438,194.91387,196.240893,194.261811,195.642863,7748.213757
SANTA BARBARA,Non-Residential,1926.281951,2006.45974,2073.171789,2040.950725,2096.908807,2345.371011,2606.151969,2543.666227,2426.391038,2440.505932,2431.386218,2430.038214,2450.576951,2366.611175,2415.409403,2436.146497,2375.864845,2221.891124,2279.189657,2006.912825,2092.638857,1993.019333,2016.011861,2077.341788,1986.411789,1917.759204,1894.46518,1938.906498,1911.934757,1861.6068,1837.320207,67447.30237
SANTA BARBARA,Residential,837.127938,788.050911,758.279448,765.400403,759.004767,765.938248,805.725443,832.595334,837.982892,800.783381,801.523873,809.097071,815.702408,813.73551,773.119208,807.174602,789.748037,772.945977,742.539163,736.791305,773.08073,737.409142,719.325416,706.49292,682.029493,672.124025,670.743134,662.362487,655.938051,659.268904,647.314279,23399.3545
SANTA BARBARA,Total,2763.409889,2794.510651,2831.451237,2806.351129,2855.913573,3111.309259,3411.877411,3376.261562,3264.37393,3241.289313,3232.910091,3239.135285,3266.279359,3180.346685,3188.528611,3243.321099,3165.612882,2994.837101,3021.728819,2743.70413,2865.719587,2730.428474,2735.337278,2783.834708,2668.441282,2589.883229,2565.208314,2601.268984,2567.872808,2520.875703,2484.634486,90846.65687
SIERRA,Non-Residential,8.83194,9.210565,7.849099,8.251277,10.142541,9.663688,10.396762,9.623206,9.371957,9.35776,9.325308,10.033662,10.599838,11.467064,9.007381,9.900346,9.507515,19.922779,17.39071,20.715837,8.115739,8.086342,8.351575,8.387507,8.549374,9.019513,8.647206,7.637668,6.008249,9.931283,10.437353,313.741044
SIERRA,Residential,13.420835,12.784155,13.255503,13.657788,15.802454,14.473186,13.289112,13.916899,14.208913,14.045398,14.378415,14.395801,14.503456,16.766728,14.853833,15.2229,15.111176,15.062185,14.777148,14.826266,14.627973,14.848177,14.731826,13.908981,13.839174,13.550549,13.418544,10.250577,9.83469,13.437381,13.450056,434.650079
SIERRA,Total,22.252775,21.994719,21.104602,21.909065,25.944995,24.136873,23.685875,23.540105,23.58087,23.403158,23.703723,24.429464,25.103294,28.233793,23.861214,25.123247,24.618691,34.984964,32.167858,35.542103,22.743712,22.934518,23.083401,22.296488,22.388548,22.570062,22.06575,17.888245,15.842939,23.368664,23.887409,748.391124
NAPA,Non-Residential,636.355557,677.470813,672.27213,688.560919,694.762582,690.008403,682.117369,679.212409,664.441239,656.83157,644.083013,643.099773,659.781045,632.593767,605.397525,578.653143,574.046755,562.83205,559.304066,541.224467,589.351989,576.716506,527.441223,515.717545,480.144727,401.26109,384.693533,387.326098,387.659338,355.518889,341.002758,17689.88229
NAPA,Residential,396.38355,369.552014,361.626809,371.742029,362.424438,363.241031,365.212142,375.21946,374.621675,374.953405,376.585675,381.687947,379.155228,377.680812,386.681272,370.321089,363.291359,354.831495,340.497327,325.80313,349.180496,345.187438,334.236827,324.287125,316.360516,305.372795,296.203358,305.106743,297.002241,291.156241,290.6178,10826.22347
NAPA,Total,1032.739108,1047.022828,1033.898938,1060.302948,1057.18702,1053.249434,1047.329511,1054.431868,1039.062914,1031.784974,1020.668688,1024.78772,1038.936273,1010.274579,992.078798,948.974232,937.338114,917.663545,899.801393,867.027597,938.532484,921.903943,861.67805,840.00467,796.505243,706.633885,680.896891,692.432841,684.661579,646.675129,631.620557,28516.10575
GLENN,Non-Residential,325.776814,302.124603,316.18798,298.064085,277.666833,295.764663,291.807815,258.447763,213.798503,203.242395,206.28096,211.15457,237.648221,260.608429,288.622655,271.771993,329.802293,271.842726,401.663116,305.576004,275.703534,296.276346,261.330357,287.313489,257.77403,285.279977,225.332979,219.644395,221.887668,220.84125,325.95185,8445.188296
GLENN,Residential,105.432658,95.902808,92.74118,96.281376,91.302148,90.673721,91.71668,92.964064,93.768569,91.839321,91.090555,93.537952,92.093315,90.996234,91.683598,89.318253,87.458349,85.006144,83.135931,79.871659,85.039992,84.031922,82.05433,80.814743,81.231995,77.634517,77.620997,76.907618,78.46481,79.317239,78.498601,2708.431279
GLENN,Total,431.209472,398.027411,408.92916,394.345461,368.968981,386.438383,383.524495,351.411827,307.567072,295.081716,297.371515,304.692521,329.741537,351.604663,380.306253,361.090246,417.260643,356.848869,484.799047,385.447663,360.743525,380.308267,343.384687,368.128232,339.006026,362.914494,302.953975,296.552012,300.352478,300.158489,404.450451,11153.61957
NEVADA,Non-Residential,248.938171,263.514027,268.8412,271.333028,227.045166,221.387998,226.756272,233.643302,235.000434,232.541357,230.051616,235.643679,245.983698,240.963349,237.618787,229.142534,226.658318,216.463561,232.930132,217.900623,210.448691,199.588985,190.428399,187.668006,183.238258,180.879104,184.183506,174.501724,169.326351,177.976796,168.09568,6768.692752
NEVADA,Residential,484.04636,448.712424,447.782612,472.108643,434.134567,406.694377,408.275711,423.688295,426.579218,426.606495,425.348695,424.463472,421.368055,414.097412,411.72573,397.657215,398.322759,378.625197,379.120733,363.384644,378.257866,371.661337,367.313721,342.28594,339.726176,327.047146,328.218954,323.128959,313.971178,322.435572,313.879857,12120.66932
NEVADA,Total,732.984531,712.226451,716.623811,743.441671,661.179733,628.082375,635.031983,657.331597,661.579651,659.147852,655.400311,660.107151,667.351753,655.06076,649.344516,626.799749,624.981077,595.088758,612.050865,581.285267,588.706557,571.250322,557.74212,529.953946,522.964434,507.926251,512.40246,497.630683,483.297529,500.412367,481.975536,18889.36207
MARIN,Non-Residential,629.741359,696.402008,681.381487,725.914614,691.648947,703.267728,703.538656,712.776855,702.619012,707.009687,723.043797,752.950619,760.878636,742.064151,722.610026,714.293306,741.105814,724.320801,763.86727,733.622717,789.230977,742.569359,713.794488,737.830002,703.303158,687.441333,687.312474,694.873997,685.006788,642.907839,658.48851,22075.81642
MARIN,Residential,700.288697,659.055021,648.794084,660.219271,652.956874,653.320493,653.551052,684.900884,689.956304,702.458762,702.902822,708.372416,704.451436,704.522013,704.994455,689.583268,687.600782,660.507757,659.768658,638.298171,701.191859,701.990466,679.985205,650.725465,641.424276,632.300683,615.883459,619.375851,597.767275,607.809672,602.554328,20617.51176
MARIN,Total,1330.030056,1355.457029,1330.175571,1386.133886,1344.605821,1356.588222,1357.089708,1397.677739,1392.575315,1409.468448,1425.946619,1461.323035,1465.330072,1446.586165,1427.604481,1403.876574,1428.706596,1384.828559,1423.635928,1371.920888,1490.422837,1444.559826,1393.779693,1388.555466,1344.727434,1319.742016,1303.195933,1314.249848,1282.774063,1250.717511,1261.042838,42693.32818
CONTRA COSTA,Non-Residential,5408.111981,6816.183051,6504.373841,6852.34754,6886.84278,6788.76064,6861.591186,6373.269573,6338.373345,6355.183037,6384.662546,6307.484447,6567.680879,5854.480447,5928.692414,5838.406057,5885.962412,5704.777491,5547.9114,5858.828804,5988.866659,6518.599241,6229.412651,6968.67226,6749.591512,6842.673431,6770.902899,6652.65496,6307.700378,6347.458597,6522.20909,196962.6655
CONTRA COSTA,Residential,3214.267766,2887.272092,2806.147783,2891.294898,2758.572817,2737.737407,2737.561124,2769.601161,2769.240084,2751.963098,2734.102537,2788.393637,2785.592776,2738.621671,2745.38128,2661.880219,2649.835607,2540.05252,2484.714393,2371.236201,2636.967543,2494.721838,2447.728051,2341.159662,2316.045847,2177.154476,2137.669934,2167.951542,2094.08336,2073.815256,2074.798616,79785.5652
CONTRA COSTA,Total,8622.379746,9703.455143,9310.521624,9743.642439,9645.415597,9526.498047,9599.152309,9142.870734,9107.613429,9107.146134,9118.765084,9095.878085,9353.273655,8593.102119,8674.073694,8500.286276,8535.798019,8244.830011,8032.625793,8230.065005,8625.834203,9013.321079,8677.140702,9309.831923,9065.637359,9019.827907,8908.572833,8820.606502,8401.783739,8421.273853,8597.007706,276748.2307
HUMBOLDT,Non-Residential,391.557418,429.658186,428.452668,428.240939,437.087813,434.793612,445.103591,449.81258,434.921661,439.959363,448.669875,446.076983,570.996542,629.30577,641.799827,602.28755,623.607081,602.120324,648.371068,668.76899,828.723554,831.586726,808.086762,753.211778,772.675071,819.066201,812.396847,763.069203,734.782724,758.54748,731.229845,18814.96803
HUMBOLDT,Residential,382.927203,361.80165,372.110267,396.137076,399.142243,390.082186,395.988331,441.890575,465.770678,476.270764,478.875379,461.966739,440.24183,416.794455,380.899404,359.034423,337.93034,315.456357,308.807041,296.904469,310.70622,310.967603,294.940346,287.670931,279.05134,282.061741,273.032342,278.614872,269.871863,277.481786,276.637302,11020.06776
HUMBOLDT,Total,774.484621,791.459836,800.562935,824.378015,836.230056,824.875799,841.091923,891.703155,900.692339,916.230127,927.545254,908.043722,1011.238372,1046.100224,1022.699231,961.321973,961.53742,917.576681,957.178109,965.673459,1139.429775,1142.55433,1103.027108,1040.882709,1051.726411,1101.127942,1085.429189,1041.684075,1004.654587,1036.029267,1007.867146,29835.03579
SANTA CRUZ,Non-Residential,609.971368,656.295585,669.210522,670.297767,669.848875,683.811392,680.216886,681.140101,665.838336,656.664416,663.934773,683.31436,773.055861,824.677847,867.763779,836.521815,897.955255,819.383975,870.321623,922.161014,939.241672,896.800339,833.453041,890.031159,830.88698,850.132393,790.806294,796.78495,795.291223,761.519332,784.942826,23972.27576
SANTA CRUZ,Residential,569.998068,544.80837,544.990291,554.395644,557.574212,552.521498,559.483469,596.356644,601.338232,604.495709,604.838923,596.090336,586.967871,585.67454,568.156935,564.03779,570.900594,544.650042,542.897849,545.83771,599.387267,589.335049,564.512912,542.318643,528.213716,518.464139,514.354866,515.416561,498.16949,510.493279,502.601156,17279.28181
SANTA CRUZ,Total,1179.969436,1201.103955,1214.200813,1224.69341,1227.423087,1236.33289,1239.700356,1277.496745,1267.176568,1261.160125,1268.773696,1279.404696,1360.023732,1410.352387,1435.920714,1400.559604,1468.855849,1364.034017,1413.219472,1467.998724,1538.628939,1486.135388,1397.965954,1432.349802,1359.100696,1368.596532,1305.161159,1312.201511,1293.460713,1272.01261,1287.543982,41251.55756
BUTTE,Non-Residential,648.860001,741.536583,763.521494,776.160341,767.74343,787.71775,778.213787,780.717168,775.54676,714.692261,703.809663,721.410425,745.033451,798.011915,718.126811,671.700789,688.644505,666.260324,710.514044,643.681863,858.737526,755.056133,663.718453,944.057618,776.79346,721.017567,962.960481,694.270068,728.857099,754.417745,853.89413,23315.68365
BUTTE,Residential,736.39594,662.643253,721.603925,764.450593,725.366331,716.200612,721.202572,731.120746,739.69604,726.428245,719.375152,731.880092,724.229757,715.146832,708.603782,685.987792,689.773427,658.692294,638.674159,604.701777,705.766172,629.147565,616.78154,597.449897,594.667475,559.101202,556.27639,551.043168,555.149304,553.073852,547.90157,20588.53146
BUTTE,Total,1385.255941,1404.179837,1485.125418,1540.610935,1493.109761,1503.918362,1499.416359,1511.837915,1515.2428,1441.120507,1423.184815,1453.290516,1469.263208,1513.158747,1426.730594,1357.688582,1378.417931,1324.952618,1349.188203,1248.38364,1564.503698,1384.203698,1280.499993,1541.507515,1371.460934,1280.118768,1519.236871,1245.313236,1284.006403,1307.491598,1401.795701,43904.2151
SUTTER,Non-Residential,357.925836,351.822393,358.407773,354.96252,356.828308,373.033487,371.848172,372.121474,356.123193,341.429402,334.214398,348.605047,351.493598,347.247625,351.232856,309.951973,310.346394,296.337366,310.088827,302.551386,307.699577,296.599484,274.014622,281.652166,272.285677,265.814439,269.088433,256.386884,251.702983,241.586002,237.800517,9811.202812
SUTTER,Residential,314.625861,284.784156,278.235845,291.471803,274.174408,274.079897,277.375683,275.500161,279.446108,271.513476,265.639194,276.900412,277.339045,273.800274,275.778564,258.98868,253.908396,245.29916,228.446484,218.281612,232.958914,226.282229,222.022397,221.10265,219.973839,203.000605,203.671153,200.471983,201.911746,194.811427,191.661435,7713.457597
SUTTER,Total,672.551697,636.606549,636.643617,646.434323,631.002716,647.113384,649.223855,647.621635,635.569302,612.942878,599.853592,625.505459,628.832644,621.047899,627.01142,568.940653,564.25479,541.636526,538.53531,520.832998,540.658491,522.881712,496.037019,502.754816,492.259516,468.815044,472.759586,456.858867,453.614728,436.397429,429.461952,17524.66041
KERN,Non-Residential,12327.80226,14916.60155,13641.80196,16223.77913,14356.53232,12977.86079,12040.31401,12799.86312,14438.99608,13814.52604,12896.92909,12292.30379,13299.66542,15149.53967,14396.34675,12973.28624,14661.53873,13090.66772,12603.55941,11066.91129,9720.577925,9750.967723,7860.252909,9835.051779,9091.613949,7835.050326,9423.752754,8473.37221,9162.548262,9021.435804,12083.45514,372226.9041
KERN,Residential,2637.974063,2351.702864,2354.162544,2345.27695,2261.72835,2265.205969,2306.208472,2275.558089,2276.973284,2142.501652,2096.21666,2171.892711,2147.237851,2091.724319,2052.760215,1973.02868,1865.555231,1831.982115,1677.586126,1635.05076,1714.09463,1610.440598,1558.224025,1551.094451,1546.441563,1450.188794,1452.922764,1422.316371,1459.06751,1431.212946,1377.497276,59333.82783
KERN,Total,14965.77632,17268.30441,15995.9645,18569.05608,16618.26067,15243.06675,14346.52248,15075.42121,16715.96937,15957.02769,14993.14575,14464.1965,15446.90327,17241.26399,16449.10697,14946.31492,16527.09396,14922.64984,14281.14554,12701.96205,11434.67256,11361.40832,9418.476935,11386.14623,10638.05551,9285.239119,10876.67552,9895.688581,10621.61577,10452.64875,13460.95242,431560.732
MONO,Non-Residential,107.757166,112.568498,112.159396,109.015525,104.842612,109.950178,103.891572,105.536362,103.213585,109.062487,106.848664,108.6745,107.158005,87.818503,91.089757,100.751826,102.595539,75.240664,59.018998,50.321903,54.999755,68.118334,97.356463,99.16571,89.163471,83.781057,84.122684,80.989146,80.400407,100.264493,74.302017,2880.179277
MONO,Residential,92.268625,99.032598,84.850805,90.47932,84.841915,78.948147,87.699249,98.886478,93.728093,95.711104,94.30803,90.997481,92.545815,97.763323,83.812201,94.848096,92.486511,88.217963,86.703795,86.207277,91.895434,84.916159,88.989198,81.892419,81.123803,81.678987,85.462068,85.942805,81.819393,84.60274,85.017504,2747.677336
MONO,Total,200.02579,211.601096,197.010201,199.494845,189.684527,188.898325,191.590821,204.42284,196.941677,204.773591,201.156694,199.671981,199.70382,185.581826,174.901957,195.599923,195.08205,163.458627,145.722793,136.52918,146.895189,153.034493,186.345661,181.05813,170.287274,165.460044,169.584752,166.93195,162.2198,184.867233,159.319521,5627.856611
SAN BENITO,Non-Residential,245.681329,252.352212,260.046651,254.56685,262.266738,249.246885,240.350663,237.838062,214.941111,199.078428,191.965952,198.592464,198.337696,203.508416,199.083289,189.051933,194.498789,184.109368,204.779697,211.088498,181.392988,172.421522,149.660472,145.933233,129.076847,122.863609,117.801586,110.459338,115.927845,117.265477,117.686238,5871.874186
SAN BENITO,Residential,144.989779,130.045971,124.077866,123.675247,118.933119,118.059563,115.652539,119.757106,117.915939,116.277089,116.659941,117.41777,117.513368,119.254413,118.454937,115.980089,117.392105,114.331767,111.070427,105.787837,109.680197,104.493261,96.90925,90.384096,85.04889,78.643154,77.687541,75.114599,71.536465,71.635891,70.136148,3314.516364
SAN BENITO,Total,390.671108,382.398183,384.124516,378.242096,381.199857,367.306448,356.003201,357.595168,332.857049,315.355517,308.625894,316.010235,315.851064,322.762829,317.538226,305.032022,311.890894,298.441135,315.850124,316.876335,291.073185,276.914782,246.569722,236.317328,214.125736,201.506763,195.489127,185.573936,187.46431,188.901368,187.822386,9186.390544
YOLO,Non-Residential,1200.933084,1202.699561,1201.438595,1205.896977,1195.60019,1195.184857,1230.988565,1192.280387,1162.974966,1148.666969,1104.223128,1164.472828,1112.051954,1130.946577,1201.019539,1205.51174,1052.753164,947.181012,1077.013363,935.803159,1013.249995,1144.016091,915.723854,890.6649,891.751584,852.749983,857.391257,821.735389,780.300994,777.084849,780.076006,32592.38552
YOLO,Residential,590.156247,532.24849,516.612804,540.078941,510.350832,507.217327,508.147701,510.65125,513.363201,500.524435,494.611918,514.754319,508.14119,498.427208,511.798595,492.503669,473.915433,473.50628,437.419409,416.865691,444.357865,419.297392,407.010551,401.931353,395.182263,364.965623,362.160463,366.895768,366.594257,361.263298,361.662528,14302.6163
YOLO,Total,1791.089331,1734.94805,1718.051399,1745.975918,1705.951022,1702.402184,1739.136266,1702.931637,1676.338168,1649.191404,1598.835046,1679.227147,1620.193145,1629.373785,1712.818134,1698.015409,1526.668597,1420.687292,1514.432772,1352.66885,1457.607861,1563.313483,1322.734405,1292.596253,1286.933847,1217.715606,1219.55172,1188.631157,1146.895251,1138.348147,1141.738534,46895.00182
LASSEN,Non-Residential,265.274788,264.036681,274.407177,283.532613,322.4977,268.494557,301.28651,293.058025,278.183489,273.896144,254.613735,285.806385,157.543524,149.038617,184.401874,184.685297,189.128716,162.22731,159.274479,161.797258,135.133659,133.465972,124.821803,129.457224,128.569178,102.402482,115.048709,73.21079,78.849461,99.889135,96.65606,5930.689352
LASSEN,Residential,105.184944,102.340074,100.874066,102.436529,99.895083,95.079431,94.376607,104.530698,102.344421,103.705739,104.855887,106.518902,107.04124,104.115224,106.148325,105.257943,102.440584,99.290481,97.276737,94.630059,103.681384,102.022026,101.049643,97.219052,95.941076,94.504263,95.123652,75.845378,71.091236,93.796861,87.30098,3055.918525
LASSEN,Total,370.459731,366.376755,375.281243,385.969142,422.392783,363.573988,395.663117,397.588724,380.52791,377.601882,359.469622,392.325288,264.584765,253.153842,290.5502,289.94324,291.5693,261.517791,256.551216,256.427317,238.815043,235.487998,225.871446,226.676276,224.510254,196.906744,210.172361,149.056168,149.940696,193.685996,183.95704,8986.607878
ORANGE,Non-Residential,11967.88178,12886.27652,13183.67442,13388.50231,13531.40581,13837.42363,13712.4584,13441.54218,13332.30233,13231.28749,13160.14485,13761.51871,14399.35596,14261.68501,14474.03452,13971.90604,13801.2349,13339.38666,13000.60928,12108.35132,13728.3455,13228.2396,13372.90031,12661.35517,12112.37917,11656.14878,11827.0082,11424.58971,11898.58625,11467.57683,11638.7107,403806.8223
ORANGE,Residential,7765.257819,6971.093261,6845.180955,6815.346458,6711.072435,6901.752391,7036.395681,6838.012963,7067.852461,6693.426742,6609.381659,6915.654939,7138.338516,6867.828579,6851.109051,6717.065811,6611.750063,6374.646248,5989.083905,5575.800015,6362.084584,5878.868129,5884.5049,5876.87441,5618.981446,5441.322625,5463.244024,5194.533248,5493.876861,5137.491263,5120.565728,196768.3972
ORANGE,Total,19733.1396,19857.36978,20028.85537,20203.84877,20242.47825,20739.17602,20748.85408,20279.55514,20400.15479,19924.71423,19769.52651,20677.17365,21537.69448,21129.51359,21325.14357,20688.97186,20412.98497,19714.03291,18989.69318,17684.15134,20090.43008,19107.10773,19257.40521,18538.22958,17731.36061,17097.47141,17290.25223,16619.12296,17392.46311,16605.06809,16759.27643,600575.2195
CALAVERAS,Non-Residential,124.072252,126.322774,130.566069,133.626349,118.182336,120.46488,127.127444,126.923925,125.123322,125.688377,117.987276,122.356485,119.260935,122.200684,123.233178,119.914164,99.100947,94.783209,97.36426,86.515141,81.848138,79.783645,76.174609,76.243264,69.294418,65.145714,86.719368,101.921925,107.28744,108.402558,105.650088,3319.285174
CALAVERAS,Residential,222.260763,202.624931,202.478568,214.931215,198.531876,191.566207,192.873215,199.98679,201.712325,200.693316,198.139885,202.06552,200.73785,199.963155,195.037785,187.922363,189.23541,177.241975,175.351665,168.843439,173.578409,170.901166,167.369797,157.714415,153.829455,148.585115,146.123388,145.291775,140.066797,143.201069,138.299372,5607.159011
CALAVERAS,Total,346.333015,328.947706,333.044637,348.557564,316.714212,312.031088,320.000659,326.910716,326.835646,326.381693,316.127161,324.422005,319.998785,322.163839,318.270962,307.836527,288.336356,272.025184,272.715925,255.358581,255.426547,250.684811,243.544406,233.957679,223.123873,213.730829,232.842757,247.2137,247.354237,251.603627,243.94946,8926.444187
TEHAMA,Non-Residential,272.287836,270.529077,275.765,278.2363,267.421388,267.091707,261.990803,269.868543,267.308059,259.122906,252.648584,263.95119,274.975495,278.078424,249.31656,238.204543,246.637439,242.365756,205.578677,302.241154,287.812742,287.022247,266.182281,276.526692,266.269342,258.628672,253.443873,244.048769,240.290545,235.090418,248.855515,8107.790537
TEHAMA,Residential,263.760993,238.82272,231.861848,240.473949,229.986091,229.753696,231.234878,237.487218,238.877118,233.933574,233.322096,237.983447,234.108508,230.506039,227.471812,214.091026,216.066137,202.299822,198.324868,189.920926,200.151209,197.215782,191.372709,187.59187,186.971977,177.708536,176.948991,173.922991,176.012138,175.080818,171.136295,6574.400082
TEHAMA,Total,536.048829,509.351797,507.626848,518.71025,497.40748,496.845403,493.22568,507.355761,506.185177,493.05648,485.97068,501.934637,509.084003,508.584463,476.788371,452.295569,462.703576,444.665577,403.903545,492.16208,487.963951,484.238028,457.55499,464.118562,453.241319,436.337209,430.392864,417.97176,416.302683,410.171236,419.991809,14682.19062
LAKE,Non-Residential,150.788863,162.840078,162.68385,169.346712,159.129744,155.062729,156.288966,167.77498,164.288539,161.092178,159.980671,163.767245,170.886471,169.70982,384.032849,365.070482,286.965814,291.98658,217.754937,209.269235,180.258913,173.989681,156.119496,148.937179,171.257726,247.448888,245.169344,236.455026,251.02278,250.992468,236.340739,6326.712983
LAKE,Residential,309.664202,281.412151,279.869107,295.51075,282.460556,276.37013,285.538274,302.498849,302.306432,298.372684,294.50325,289.348956,284.753328,275.120382,269.125666,259.124161,256.943518,243.772367,244.74238,237.51873,243.300837,243.111927,238.969509,221.693369,226.495337,215.371804,220.759978,222.32433,215.200739,222.194828,215.462829,8053.84136
LAKE,Total,460.453066,444.252229,442.552957,464.857461,441.5903,431.432859,441.82724,470.273829,466.594972,459.464862,454.483921,453.116201,455.639799,444.830202,653.158515,624.194643,543.909332,535.758947,462.497317,446.787965,423.55975,417.101608,395.089005,370.630548,397.753063,462.820692,465.929322,458.779355,466.223519,473.187296,451.803569,14380.55434
SISKIYOU,Non-Residential,285.052808,269.141808,273.575109,273.82043,272.398917,273.90919,270.053185,267.925556,257.972317,264.460649,264.818556,277.434253,294.678907,319.272191,277.654417,274.415537,288.834101,278.406037,283.868949,270.149297,234.30488,239.225768,210.01826,224.145192,238.484577,250.998891,227.973009,245.20937,238.387665,243.255605,272.048046,8161.893477
SISKIYOU,Residential,235.549566,226.955061,221.9917,234.892785,220.35575,220.630317,215.458115,232.509454,228.148912,235.505983,236.688719,240.152184,246.869551,243.950495,236.555884,235.506955,229.832481,231.002231,218.073691,212.440468,222.355376,222.445014,222.079025,226.711535,284.668763,208.569589,219.4331,211.169746,221.741968,214.121954,191.862981,7048.229353
SISKIYOU,Total,520.602374,496.096868,495.56681,508.713215,492.754667,494.539507,485.5113,500.43501,486.121229,499.966632,501.507275,517.586438,541.548458,563.222686,514.2103,509.922492,518.666582,509.408268,501.942639,482.589764,456.660257,461.670783,432.097285,450.856727,523.15334,459.56848,447.406109,456.379116,460.129633,457.377559,463.911027,15210.12283
SAN BERNARDINO,Non-Residential,9865.589938,9989.834942,10214.93904,10119.40237,9985.382081,9805.572886,9979.392167,9688.338248,9576.817542,9012.775904,8880.990215,8985.473081,9901.385436,10025.65419,9661.597654,9481.718762,9301.625543,8909.052308,8825.863217,7446.681898,8901.372432,8516.774481,7990.736453,8020.531505,7807.065961,7395.124652,7319.810948,8013.680134,7875.888177,7804.448465,7623.225231,276926.7459
SAN BERNARDINO,Residential,6102.925598,5326.43019,5160.916217,5162.799823,4960.645426,4925.004743,4751.892615,4685.609783,4771.65516,4716.811771,4600.372551,4796.794813,4913.301364,4785.440909,4977.318588,5241.89507,5044.525562,4251.048275,3817.71491,3717.422,3950.484086,3631.979804,3627.311783,3553.100913,3548.364224,3429.884601,3411.1024,3797.836492,3964.319884,3773.015371,3825.313313,137223.2382
SAN BERNARDINO,Total,15968.51554,15316.26513,15375.85526,15282.2022,14946.02751,14730.57763,14731.28478,14373.94803,14348.4727,13729.58768,13481.36277,13782.26789,14814.6868,14811.0951,14638.91624,14723.61383,14346.15111,13160.10058,12643.57813,11164.1039,12851.85652,12148.75429,11618.04824,11573.63242,11355.43019,10825.00925,10730.91335,11811.51663,11840.20806,11577.46384,11448.53854,414149.9841
MARIPOSA,Non-Residential,36.033051,39.099521,43.772493,40.43415,38.803444,39.184617,41.201955,41.520911,40.689926,39.092265,39.670516,47.202618,58.018433,55.045711,38.357168,36.047805,38.361034,40.000526,41.88341,43.139677,42.424848,58.972474,59.81007,58.239298,57.650984,55.868506,57.081462,49.757088,53.67862,55.506242,48.88764,1435.436463
MARIPOSA,Residential,75.414294,70.28564,69.137318,71.160958,69.034878,67.579587,68.616158,71.73189,72.313826,71.868262,72.54333,72.840895,73.046643,72.437878,69.955993,67.39016,67.746574,64.979401,62.770184,61.516223,64.727849,65.121251,63.805344,60.825895,60.508737,58.417654,56.751586,55.7758,54.215393,55.541087,53.734453,2041.795141
MARIPOSA,Total,111.447345,109.385161,112.909811,111.595108,107.838322,106.764204,109.818113,113.252801,113.003752,110.960527,112.213847,120.043513,131.065076,127.483589,108.313161,103.437966,106.107609,104.979927,104.653593,104.655901,107.152697,124.093725,123.615414,119.065193,118.159721,114.28616,113.833048,105.532888,107.894014,111.04733,102.622092,3477.231608
FRESNO,Non-Residential,4916.023928,4675.975163,4900.680643,4633.271726,4955.117894,5009.57368,4982.953491,4817.731198,4674.034456,4292.000252,4355.861373,4459.048386,4566.724509,4583.044475,4021.519755,3965.728995,4212.86199,3977.70434,4204.08836,4107.525754,4114.546983,3984.103936,3587.61185,3841.863633,3657.934191,3540.137855,3675.631792,3454.926108,3663.047441,3431.870964,3257.164975,130520.3101
FRESNO,Residential,3101.806814,2768.954406,2745.048779,2795.953273,2663.517316,2675.128646,2706.156603,2695.074728,2708.942473,2592.935191,2547.721973,2616.928004,2552.19142,2522.660291,2490.22989,2377.211927,2351.327563,2299.266174,2157.172387,2082.560954,2280.806207,2109.265235,2053.58281,2033.819526,2015.17926,1895.082375,1874.339769,1832.378756,1865.168616,1840.839026,1785.87754,73037.12793
FRESNO,Total,8017.830742,7444.929569,7645.729423,7429.224999,7618.63521,7684.702326,7689.110094,7512.805926,7382.976929,6884.935443,6903.583347,7075.97639,7118.915929,7105.704766,6511.749646,6342.940921,6564.189554,6276.970514,6361.260746,6190.086708,6395.35319,6093.369171,5641.19466,5875.683159,5673.11345,5435.22023,5549.97156,5287.304864,5528.216057,5272.70999,5043.042515,203557.438
ALPINE,Non-Residential,8.281069,8.834189,9.295607,9.026261,8.124741,4.354396,4.008389,4.752038,4.590161,5.199864,5.203784,5.234789,9.368614,10.685739,9.377073,9.132023,9.431229,5.112883,4.671739,5.081493,5.159971,4.617177,4.832369,4.468048,4.384382,4.296693,4.382027,4.48571,4.224083,3.906455,3.581764,188.10476
ALPINE,Residential,10.244564,10.303433,9.593224,10.053618,9.343622,11.904472,12.024085,13.469417,9.336312,9.119062,12.468463,13.045979,8.916435,9.336177,9.543358,8.097052,9.002581,6.358634,6.721079,6.858448,6.247035,6.597345,6.792005,6.373298,6.063832,6.231561,6.183168,6.812776,5.808735,6.165242,6.036978,265.05199
ALPINE,Total,18.525633,19.137622,18.888831,19.079879,17.468364,16.258868,16.032474,18.221455,13.926474,14.318926,17.672246,18.280767,18.28505,20.021916,18.920431,17.229074,18.43381,11.471517,11.392818,11.93994,11.407006,11.214522,11.624374,10.841346,10.448214,10.528255,10.565195,11.298486,10.032819,10.071697,9.618742,453.156751
SAN LUIS OBISPO,Non-Residential,1003.867496,1077.103689,1128.051811,1117.377072,1098.882363,1076.353775,1093.740727,1100.155045,1059.388782,1026.702337,1008.890398,1033.380695,1063.030961,1091.325772,918.023869,929.481801,958.665265,936.432674,921.32536,858.616927,824.821918,790.899097,718.320353,740.111989,702.766534,677.441091,670.953133,661.732919,635.57712,629.116365,659.252135,28211.78947
SAN LUIS OBISPO,Residential,684.754544,638.264967,642.845388,651.180499,636.110814,633.947554,631.714183,660.689266,665.170618,656.21775,657.067077,668.235469,673.150349,671.520545,682.396712,651.194018,636.82309,624.859251,542.058665,625.812696,599.985223,586.123223,561.133148,538.657641,524.969428,505.762762,493.122675,493.668203,483.46283,493.915381,487.020224,18701.83419
SAN LUIS OBISPO,Total,1688.62204,1715.368656,1770.897198,1768.557571,1734.993177,1710.301329,1725.45491,1760.844311,1724.5594,1682.920087,1665.957475,1701.616164,1736.18131,1762.846317,1600.420582,1580.675818,1595.488356,1561.291925,1463.384025,1484.429624,1424.80714,1377.022319,1279.453501,1278.769631,1227.735962,1183.203853,1164.075808,1155.401121,1119.039951,1123.031746,1146.272359,46913.62367
MADERA,Non-Residential,1265.945833,1155.915502,1231.475624,1158.59399,1173.374348,1280.911096,1239.544841,1148.586352,1100.17494,971.973962,970.469394,1020.277456,1008.939022,963.48796,790.055174,769.232682,816.753192,732.605269,792.93713,781.519181,770.836849,788.578894,695.494234,759.050317,727.825825,683.53223,738.283857,679.458503,695.604976,642.832938,631.45447,28185.72604
MADERA,Residential,485.135286,434.105836,429.896199,439.686368,421.018051,421.184704,426.043139,429.845277,430.816383,415.732464,408.634724,415.356313,411.280697,408.159335,399.848291,381.269188,373.169896,361.654413,336.159535,324.816928,339.66385,333.074208,321.720353,311.941573,309.062289,290.707813,286.221168,279.636988,278.816591,274.482487,262.454632,11441.59498
MADERA,Total,1751.081119,1590.021338,1661.371823,1598.280357,1594.392399,1702.0958,1665.58798,1578.431629,1530.991323,1387.706425,1379.104117,1435.63377,1420.219719,1371.647295,1189.903466,1150.50187,1189.923088,1094.259683,1129.096665,1106.33611,1110.500699,1121.653102,1017.214588,1070.99189,1036.888114,974.240043,1024.505025,959.095491,974.421567,917.315425,893.909102,39627.32102
TULARE,Non-Residential,3163.114313,2926.439701,3181.121663,2965.363199,3145.180433,3259.853233,3269.918466,3109.574517,2980.828753,2584.111587,2676.897379,2791.88898,2760.288045,2653.344967,2499.156758,2276.247589,2290.596697,2216.893407,2524.664356,2372.987208,2383.45781,2308.351244,1714.517731,1853.446262,1778.273719,1650.016504,1747.190856,1611.596101,1776.143753,1721.519039,1788.022809,75981.00708
TULARE,Residential,1479.691778,1322.69672,1256.899657,1278.51813,1218.015524,1217.264382,1222.446414,1207.125334,1182.437774,1162.597186,1139.548565,1187.834849,1161.833382,1117.48655,1191.649757,1085.305396,1046.683388,1037.992959,941.856796,923.790627,961.793645,889.036948,890.108631,875.53309,875.439751,829.967205,834.705547,812.396109,820.298247,807.148766,788.66998,32766.77309
TULARE,Total,4642.806091,4249.13642,4438.02132,4243.881329,4363.195956,4477.117615,4492.36488,4316.69985,4163.266527,3746.708773,3816.445944,3979.72383,3922.121427,3770.831517,3690.806516,3361.552985,3337.280085,3254.886366,3466.521152,3296.777836,3345.251455,3197.388192,2604.626362,2728.979352,2653.71347,2479.983709,2581.896404,2423.992211,2596.442,2528.667805,2576.69279,108747.7802
PLACER,Non-Residential,1388.171784,1461.380202,1494.13684,1503.327914,1534.673332,1528.132965,1543.782227,1511.017416,1523.788562,1541.199202,1548.853349,1582.525986,1657.593129,1676.775562,1500.45203,1432.588471,1496.513533,1412.485988,1381.295288,1296.365383,1376.4546,1286.815398,1250.303317,1090.630876,1005.476406,1100.881046,1047.857614,940.749758,875.726113,894.228237,811.631818,41695.81435
PLACER,Residential,1608.041582,1456.698896,1415.835391,1470.728541,1404.910794,1368.153648,1373.763579,1369.777108,1384.600559,1349.559369,1332.884961,1367.028439,1360.965632,1327.400999,1334.680169,1262.801076,1215.385689,1145.06342,1054.987424,979.277912,976.120643,928.232331,878.626181,844.24378,823.587286,757.250491,746.608507,728.522643,711.086467,702.32253,680.96094,35360.10699
PLACER,Total,2996.213366,2918.079098,2909.972231,2974.056455,2939.584126,2896.286613,2917.545806,2880.794524,2908.389121,2890.758571,2881.73831,2949.554425,3018.558761,3004.176561,2835.132199,2695.389546,2711.899222,2557.549408,2436.282712,2275.643295,2352.575244,2215.047729,2128.929498,1934.874656,1829.063692,1858.131537,1794.466121,1669.272402,1586.81258,1596.550767,1492.592759,77055.92134
SHASTA,Non-Residential,808.058771,804.330098,827.24856,817.529318,821.688851,842.74907,820.446658,800.830443,788.018321,777.720846,779.755468,810.344596,851.671074,875.936861,870.893946,865.840381,1011.875059,956.740741,945.234402,883.951509,911.177035,875.343492,896.389477,918.446525,848.108111,925.213127,878.331151,900.876118,964.365215,953.528864,942.325049,26974.96914
SHASTA,Residential,771.225097,730.356705,742.265847,758.834582,734.948161,720.324823,724.747577,748.369898,748.243723,746.575817,746.536756,756.904916,752.715255,741.158881,743.442699,710.11286,712.942254,689.584829,668.134977,639.896512,653.242309,642.079804,634.757591,626.99012,661.759299,615.819594,608.054044,598.225337,605.132082,606.142311,578.296518,21417.82118
SHASTA,Total,1579.283868,1534.686803,1569.514407,1576.3639,1556.637013,1563.073893,1545.194235,1549.200341,1536.262043,1524.296663,1526.292225,1567.249512,1604.386329,1617.095742,1614.336645,1575.953241,1724.817313,1646.32557,1613.369379,1523.848021,1564.419344,1517.423296,1531.147068,1545.436645,1509.867411,1541.03272,1486.385195,1499.101455,1569.497297,1559.671174,1520.621566,48392.79031
PLUMAS,Non-Residential,115.888829,115.956457,112.778512,102.691035,106.293694,103.09684,102.408057,110.656656,126.507313,117.930829,97.83361,99.008827,114.15746,112.36998,120.319707,91.41844,92.954336,99.285165,122.35836,93.942997,109.159186,107.121101,98.113408,127.562938,93.104267,74.70506,62.908106,112.036544,113.846524,94.33682,90.154514,3240.905572
PLUMAS,Residential,100.147976,94.402479,92.936267,98.325675,96.549502,90.928914,98.146247,101.204295,97.599033,101.343502,102.009578,103.279215,103.613251,103.56203,103.448519,102.504163,101.278106,96.153275,96.899579,92.753388,92.930694,94.676095,93.749315,90.033386,88.417064,86.200226,88.051175,116.951203,107.747799,89.257865,88.269715,3013.369531
PLUMAS,Total,216.036805,210.358936,205.714779,201.016711,202.843196,194.025753,200.554304,211.860951,224.106346,219.274331,199.843188,202.288042,217.770711,215.932011,223.768227,193.922603,194.232441,195.43844,219.257939,186.696385,202.08988,201.797196,191.862723,217.596324,181.52133,160.905286,150.95928,228.987747,221.594323,183.594684,178.424229,6254.275101
MENDOCINO,Non-Residential,279.741489,274.896923,277.121158,281.533687,278.932665,273.193543,269.013334,268.936431,268.804709,266.189442,260.636434,261.751859,278.668734,282.819821,396.874704,406.371397,287.301802,279.537453,295.794082,308.966842,358.115711,356.348706,317.792238,360.999696,343.145685,325.062839,329.924308,333.750328,326.565952,311.806066,337.30906,9497.907098
MENDOCINO,Residential,301.931564,287.161064,289.23384,305.597853,300.651868,293.986489,295.273594,324.468682,333.123665,337.310633,339.793102,340.224275,338.607974,330.977652,313.985773,295.302796,284.79959,265.28206,264.12295,256.266858,279.353547,271.113427,259.8776,249.440907,253.17554,235.357224,240.739424,243.797244,239.200107,249.050097,248.23828,8867.445679
MENDOCINO,Total,581.673053,562.057987,566.354997,587.13154,579.584533,567.180032,564.286927,593.405113,601.928374,603.500075,600.429536,601.976133,617.276708,613.797474,710.860477,701.674193,572.101393,544.819513,559.917032,565.2337,637.469258,627.462134,577.669838,610.440603,596.321226,560.420063,570.663732,577.547572,565.766058,560.856163,585.547341,18365.35278
YUBA,Non-Residential,315.146154,286.972867,284.680316,276.891941,267.43873,269.037235,273.711156,276.776936,265.552304,262.48725,261.492665,307.010995,263.236368,276.50608,339.463987,334.822025,290.965118,206.742143,457.177985,348.966719,350.347205,462.152821,294.566622,291.679399,306.485791,284.006126,303.53084,289.966296,322.863967,323.93479,310.46308,9405.075911
YUBA,Residential,251.861806,225.30908,219.788601,229.153606,215.020015,210.026148,214.946328,212.640647,215.81625,208.887004,203.82551,205.384934,200.14801,198.684861,193.672975,183.288672,171.57785,158.19805,154.456146,148.306897,155.189816,151.844232,148.137424,146.173412,148.199468,139.638867,141.866205,140.554885,141.72157,139.556078,137.659067,5611.534414
YUBA,Total,567.007959,512.281946,504.468917,506.045547,482.458745,479.063382,488.657485,489.417583,481.368553,471.374254,465.318176,512.395929,463.384378,475.190941,533.136962,518.110696,462.542968,364.940192,611.634131,497.273616,505.537021,613.997052,442.704047,437.852811,454.685259,423.644993,445.397045,430.521181,464.585537,463.490868,448.122147,15016.61032
SACRAMENTO,Non-Residential,5902.314902,6205.705744,6199.435942,6231.213665,6047.139444,6184.461397,6252.99215,6122.166209,6106.598781,6096.939737,6186.325919,6262.636663,6390.974925,6416.949082,6238.311536,6132.87597,5916.770522,5662.606197,5460.999286,5516.924892,5593.113277,5565.037137,5292.986317,5274.811552,5165.556317,5024.456238,4929.608464,4932.09755,4936.361466,4779.498052,4784.024951,177811.8943
SACRAMENTO,Residential,5160.932169,4714.243582,4719.3739,5161.568996,4784.432043,4726.28098,4723.562786,4683.697017,4681.783326,4631.227213,4525.143494,4727.228964,4711.968941,4651.807225,4763.025482,4577.294682,4424.098794,4380.097321,4103.329307,4035.046201,4140.969208,3958.393622,3983.332549,3837.197079,3865.55154,3581.202568,3694.828431,3650.245317,3634.599466,3617.630125,3625.074714,134475.167
SACRAMENTO,Total,11063.24707,10919.94933,10918.80984,11392.78266,10831.57149,10910.74238,10976.55494,10805.86323,10788.38211,10728.16695,10711.46941,10989.86563,11102.94387,11068.75631,11001.33702,10710.17065,10340.86932,10042.70352,9564.328593,9551.971093,9734.082484,9523.430758,9276.318865,9112.008631,9031.107857,8605.658806,8624.436896,8582.342867,8570.960932,8397.128177,8409.099665,312287.0613
DEL NORTE,Non-Residential,86.875604,93.092692,92.805494,94.153699,92.362672,95.752235,93.307921,99.444234,100.004484,105.835595,108.208779,108.411081,113.254197,121.662221,108.669652,106.892357,112.771936,98.687201,100.219477,105.214511,122.873881,109.232731,107.553034,105.919114,107.879753,102.987081,103.611343,105.320957,105.410068,106.598321,101.667808,3216.680133
DEL NORTE,Residential,118.510243,117.161857,114.235067,122.785745,112.34371,116.134032,110.111431,126.534214,127.753526,132.186776,133.518931,132.958327,136.508596,133.57967,127.833022,122.831577,121.90901,121.608702,117.067626,114.904332,113.613677,112.136921,110.065812,107.696817,139.830574,106.56661,110.776041,116.229421,106.383258,104.812778,90.982237,3679.57054
DEL NORTE,Total,205.385847,210.254549,207.040561,216.939444,204.706383,211.886267,203.419352,225.978448,227.758011,238.022371,241.72771,241.369408,249.762793,255.241891,236.502674,229.723934,234.680946,220.295903,217.287103,220.118843,236.487557,221.369652,217.618846,213.615931,247.710327,209.553691,214.387384,221.550379,211.793326,211.411099,192.650044,6896.250674
SAN JOAQUIN,Non-Residential,3621.173289,3742.333356,3852.227996,3769.771504,3703.674949,3427.730641,3479.088708,3817.215316,3610.428608,3572.450921,3515.491485,3593.612615,3610.87152,3745.930629,4066.28028,4080.754786,3771.085332,3336.345797,3730.53107,3691.195079,3705.473337,3979.863261,3156.430289,3421.327141,3230.273864,3176.272082,2805.244824,3054.979564,2615.142395,2487.108299,2708.302794,108078.6117
SAN JOAQUIN,Residential,2115.736915,1871.668876,1821.344051,1873.353096,1763.123313,1747.488416,1765.61984,1739.895506,1752.784688,1707.288934,1684.009704,1726.254326,1706.55756,1700.716166,1715.405705,1651.965702,1631.724399,1575.137208,1474.052004,1410.463039,1461.392888,1381.496931,1359.676681,1320.510486,1309.102617,1213.722881,1193.755366,1202.847795,1202.71199,1183.308681,1160.007393,48423.12316
SAN JOAQUIN,Total,5736.910204,5614.002232,5673.572047,5643.1246,5466.798262,5175.219057,5244.708548,5557.110821,5363.213295,5279.739856,5199.501189,5319.866941,5317.429079,5446.646795,5781.685985,5732.720487,5402.80973,4911.483005,5204.583073,5101.658118,5166.866225,5361.360192,4516.10697,4741.837626,4539.376481,4389.994962,3999.00019,4257.827359,3817.854385,3670.41698,3868.310187,156501.7349
SONOMA,Non-Residential,1521.089534,1616.50417,1672.942332,1694.509351,1659.384657,1663.973879,1663.206525,1632.113825,1581.480763,1540.572661,1533.836841,1534.018896,1639.155231,1645.300206,1563.088597,1517.954211,1635.911833,1566.203694,1615.744777,1517.867783,1652.231533,1547.922979,1439.434152,1444.579857,1396.903899,1323.958157,1297.968038,1284.808771,1273.231919,1211.898157,1239.875024,47127.67225
SONOMA,Residential,1346.565909,1275.568954,1256.915722,1327.917707,1302.699184,1283.447442,1289.126524,1348.476449,1356.311974,1360.674594,1347.053875,1321.733571,1304.753762,1273.422245,1300.047594,1230.346511,1226.113177,1187.360963,1152.632856,1117.003156,1199.609278,1191.103783,1140.427771,1099.953577,1061.282895,1032.481043,1024.717927,1027.350417,989.660199,998.355312,987.923198,37361.03757
SONOMA,Total,2867.655443,2892.073124,2929.858054,3022.427058,2962.083841,2947.421321,2952.333048,2980.590273,2937.792738,2901.247255,2880.890716,2855.752467,2943.908994,2918.722451,2863.136191,2748.300722,2862.02501,2753.564658,2768.377633,2634.870939,2851.840811,2739.026762,2579.861923,2544.533434,2458.186794,2356.4392,2322.685965,2312.159188,2262.892118,2210.253469,2227.798222,84488.70982
SOLANO,Non-Residential,2128.972086,2159.033003,2222.59266,2138.861183,2192.198199,2194.873532,2206.479601,2205.17249,2171.147362,2107.414973,2056.879668,2151.177427,2145.647082,2327.633297,2112.092056,2119.988042,2064.035729,1972.37688,1948.555723,1909.093438,2063.969007,2056.738292,1815.065891,1727.905705,1741.556807,1764.508649,1779.039515,1732.083379,1773.95018,1727.166276,1887.868643,62604.07678
SOLANO,Residential,1191.820607,1064.360688,1033.242007,1074.084694,1019.918754,1015.819091,1010.184908,1021.517745,1020.557171,1013.640572,1003.588325,1021.349923,1030.177625,1012.074765,1053.054876,1000.05148,989.51094,990.785491,908.865426,877.677065,939.742886,904.291865,880.819095,854.771901,843.261815,792.330617,778.884335,796.996857,763.352506,760.420748,753.056817,29420.2116
SOLANO,Total,3320.792693,3223.393691,3255.834667,3212.945878,3212.116954,3210.692623,3216.664509,3226.690235,3191.704533,3121.055545,3060.467992,3172.527351,3175.824707,3339.708063,3165.146932,3120.039523,3053.546669,2963.162371,2857.421149,2786.770503,3003.711893,2961.030157,2695.884986,2582.677606,2584.818623,2556.839267,2557.923851,2529.080236,2537.302686,2487.587024,2640.925459,92024.28838
SAN FRANCISCO,Non-Residential,3462.10194,4155.441367,4176.315189,4251.431223,4294.099352,4368.669488,4406.690873,4386.229371,4366.790225,4381.934969,4241.297901,4161.877224,4246.321789,4159.396012,3843.212954,3927.054392,3700.651324,3621.409729,3688.847007,3660.86273,3867.520555,3761.26226,3463.161755,3813.17863,3726.593292,3691.417327,3602.857491,3719.937452,3702.172356,3723.258605,3766.371879,122338.3667
SAN FRANCISCO,Residential,1563.597203,1476.420133,1451.224081,1469.803128,1454.518274,1430.612561,1436.932739,1501.566255,1511.478198,1523.910903,1517.897477,1501.176265,1484.213223,1467.396097,1490.984492,1444.351134,1381.16155,1363.706397,1365.719387,1345.607597,1414.775759,1431.182896,1355.956962,1315.529271,1273.247416,1280.02107,1257.32892,1252.797683,1210.064743,1244.609201,1218.10055,43435.89157
SAN FRANCISCO,Total,5025.699142,5631.8615,5627.53927,5721.234352,5748.617626,5799.282049,5843.623613,5887.795626,5878.268424,5905.845873,5759.195378,5663.053489,5730.535012,5626.792109,5334.197446,5371.405525,5081.812874,4985.116126,5054.566394,5006.470327,5282.296314,5192.445156,4819.118716,5128.707901,4999.840708,4971.438397,4860.186411,4972.735135,4912.237099,4967.867806,4984.472429,165774.2582
AMADOR,Non-Residential,199.097598,180.055291,167.407601,170.12096,173.850968,152.673577,156.354232,170.890839,180.797122,169.961139,175.707844,184.012851,187.96675,179.87576,165.135029,160.668935,165.141794,142.221056,135.653067,184.203332,234.823388,210.300322,202.30153,202.236642,215.584166,250.567387,240.483146,243.300856,229.51319,229.7945,210.889226,5871.590098
AMADOR,Residential,151.826812,138.743791,137.221822,143.779929,135.749855,132.933242,134.842253,139.540785,141.108452,140.263909,139.932189,142.930479,144.125348,142.618754,142.547292,134.400466,135.642939,129.159358,126.437913,121.403726,127.238094,124.602037,123.223191,114.815322,115.017917,110.744724,110.372675,109.035503,105.907059,108.875556,105.093388,4010.13478
AMADOR,Total,350.924409,318.799082,304.629423,313.900889,309.600823,285.606819,291.196485,310.431624,321.905574,310.225048,315.640033,326.94333,332.092098,322.494513,307.682321,295.069401,300.784733,271.380414,262.09098,305.607058,362.061481,334.902359,325.524721,317.051964,330.602083,361.312111,350.855821,352.336359,335.420249,338.670056,315.982614,9881.724875