,year,county code,January,February,March,April,May,June,July,August,September,October,November,December
0,2015,001,0.01,2.25,0.26,1.15,0.37,0.27,0.01,0.02,0.04,0.08,2.41,3.52
0,2016,001,5.65,0.84,5.25,1.94,0.24,0.0,0.0,0.0,0.0,3.65,1.48,3.5
0,2017,001,9.38,7.41,2.65,2.5,0.03,0.04,0.0,0.01,0.06,0.21,2.58,0.1
0,2018,001,4.28,0.57,4.39,2.44,0.02,0.0,0.0,0.0,0.0,0.14,2.71,2.02
0,2019,001,3.73,6.83,4.11,0.47,2.25,0.0,0.0,0.0,0.19,0.0,1.09,3.62
0,2020,001,1.55,0.0,2.61,1.54,0.62,0.0,0.0,0.07,0.0,0.0,0.37,1.66
0,2021,001,3.15,0.97,1.36,0.1,0.01,0.0,0.0,0.0,0.02,5.04,0.85,6.46
0,2022,001,0.17,0.05,0.68,1.35,0.01,0.07,0.0,0.0,0.59,0.0,2.07,-9.99
0,2015,003,0.22,5.53,0.62,2.52,2.99,1.0,1.81,0.23,0.39,2.4,4.68,7.97
0,2016,003,8.29,1.82,6.74,3.1,1.67,0.05,0.01,0.12,0.32,8.87,1.93,6.71
0,2017,003,22.13,15.58,4.79,6.95,1.44,0.7,0.04,1.34,2.39,0.57,7.7,0.61
0,2018,003,3.65,1.56,12.57,3.18,1.68,0.02,0.7,0.11,0.1,0.76,5.16,2.71
0,2019,003,8.17,15.25,6.43,1.74,3.12,0.55,0.55,0.03,0.87,0.08,2.61,7.81
0,2020,003,1.86,0.25,5.28,3.12,1.43,0.66,0.57,0.6,0.22,0.04,3.42,2.98
0,2021,003,6.12,2.2,2.98,0.9,0.99,0.65,1.01,0.25,0.21,8.35,1.27,12.72
0,2022,003,0.13,0.64,1.46,3.24,0.65,0.58,0.08,1.33,1.5,0.17,4.27,-9.99
0,2015,005,0.14,5.36,0.83,3.09,1.39,0.27,0.18,0.02,0.07,1.89,5.26,8.16
0,2016,005,9.96,1.61,7.88,3.38,0.87,0.01,0.0,0.02,0.05,7.44,3.49,6.3
0,2017,005,18.68,16.23,4.71,5.82,0.74,0.69,0.0,0.14,0.41,0.53,7.35,0.64
0,2018,005,5.62,1.0,12.02,4.16,0.87,0.01,0.04,0.02,0.01,0.6,6.51,3.18
0,2019,005,8.17,14.48,7.18,2.14,5.69,0.08,0.03,0.0,1.13,0.03,2.08,7.64
0,2020,005,2.4,0.06,7.1,3.43,2.24,0.15,0.03,0.04,0.05,0.01,2.04,2.77
0,2021,005,6.55,2.67,3.28,0.35,0.23,0.15,0.06,0.01,0.27,8.82,1.11,11.03
0,2022,005,0.28,0.37,1.42,3.74,0.2,0.47,0.01,0.16,1.12,0.06,3.51,-9.99
0,2015,007,0.21,4.58,0.58,2.24,0.29,0.22,0.06,0.07,0.27,0.64,3.8,7.78
0,2016,007,14.46,1.94,12.92,1.92,0.99,0.52,0.0,0.0,0.01,9.1,4.22,9.88
0,2017,007,16.25,15.79,5.65,6.4,0.38,0.92,0.0,0.01,0.41,0.7,9.49,0.41
0,2018,007,6.19,0.62,10.05,5.39,0.52,0.02,0.01,0.0,0.0,0.99,6.08,4.64
0,2019,007,12.01,19.53,9.06,2.64,5.13,0.12,0.0,0.01,1.54,0.06,1.44,8.56
0,2020,007,4.06,0.04,3.53,1.92,3.64,0.22,0.01,0.04,0.0,0.0,2.35,3.35
0,2021,007,5.03,3.38,4.22,0.51,0.05,0.06,0.0,0.0,0.38,8.93,2.35,10.87
0,2022,007,0.9,0.09,1.42,3.79,0.53,1.26,0.0,0.01,1.72,0.0,3.18,-9.99
0,2015,009,0.13,5.26,0.64,2.64,1.18,0.2,0.08,0.01,0.04,1.8,5.26,8.02
0,2016,009,9.56,1.4,8.43,3.09,0.58,0.01,0.0,0.0,0.03,7.31,3.69,6.39
0,2017,009,17.72,15.63,4.18,5.63,0.54,0.39,0.0,0.04,0.18,0.54,6.24,0.46
0,2018,009,5.28,0.83,11.27,4.16,0.54,0.0,0.02,0.0,0.01,0.66,7.1,2.76
0,2019,009,7.7,14.16,7.91,1.83,5.4,0.04,0.01,0.0,0.77,0.01,2.01,8.41
0,2020,009,2.11,0.03,6.77,2.97,1.94,0.07,0.01,0.02,0.08,0.01,2.14,2.79
0,2021,009,7.38,2.42,3.25,0.24,0.16,0.08,0.03,0.01,0.23,8.19,1.02,10.64
0,2022,009,0.21,0.35,1.3,3.41,0.1,0.25,0.0,0.17,1.36,0.04,2.82,-9.99
0,2015,011,0.18,3.66,0.54,1.78,0.08,0.02,0.12,0.06,0.1,0.07,2.16,3.15
0,2016,011,6.5,0.83,6.61,0.79,0.8,0.13,0.0,0.0,0.0,2.73,3.12,3.98
0,2017,011,10.07,8.79,2.32,2.48,0.07,0.63,0.0,0.0,0.03,0.24,2.77,0.04
0,2018,011,3.94,0.19,3.72,2.82,0.16,0.0,0.0,0.0,0.02,0.68,3.61,2.94
0,2019,011,6.09,11.1,4.62,0.43,2.57,0.0,0.0,0.03,0.18,0.01,0.82,7.04
0,2020,011,1.6,0.0,0.88,0.77,1.16,0.02,0.0,0.05,0.0,0.0,0.6,1.8
0,2021,011,2.93,0.95,1.52,0.15,0.0,0.01,0.0,0.0,0.06,5.59,1.46,5.88
0,2022,011,0.23,0.01,0.92,0.57,0.11,0.4,0.01,0.01,1.34,0.0,1.3,-9.99
0,2015,013,0.01,2.34,0.26,1.09,0.2,0.27,0.02,0.01,0.04,0.07,1.86,3.11
0,2016,013,6.44,0.8,5.64,1.65,0.22,0.0,0.0,0.0,0.0,3.05,1.39,3.36
0,2017,013,10.68,7.61,2.73,2.57,0.03,0.08,0.0,0.01,0.03,0.25,2.73,0.12
0,2018,013,4.02,0.6,4.97,2.39,0.03,0.0,0.0,0.0,0.0,0.22,3.09,2.2
0,2019,013,4.66,7.21,3.98,0.39,1.93,0.0,0.0,0.0,0.15,0.0,0.9,4.07
0,2020,013,1.54,0.0,1.91,1.18,0.53,0.0,0.0,0.09,0.0,0.0,0.44,1.54
0,2021,013,2.54,0.93,1.12,0.06,0.01,0.0,0.0,0.0,0.03,5.03,1.02,6.22
0,2022,013,0.2,0.03,0.67,1.18,0.01,0.09,0.0,0.0,0.56,0.0,1.67,-9.99
0,2015,015,3.49,11.17,5.65,4.36,0.68,0.45,0.64,0.86,1.05,2.04,8.15,30.81
0,2016,015,19.64,5.76,13.98,4.37,1.34,0.61,0.71,0.0,0.06,22.7,11.84,16.58
0,2017,015,19.87,22.11,13.67,11.46,2.31,1.64,0.0,0.1,1.42,2.75,13.35,3.88
0,2018,015,13.33,2.9,13.42,7.41,0.72,1.34,0.01,0.0,0.24,1.85,5.15,8.09
0,2019,015,13.57,21.02,4.78,10.27,4.92,0.01,0.02,0.93,4.1,2.81,2.89,14.33
0,2020,015,18.37,1.86,3.96,2.9,7.3,1.0,0.01,0.03,0.75,1.37,7.91,10.5
0,2021,015,19.43,9.94,7.03,1.25,0.68,3.15,0.2,0.07,4.06,9.08,7.87,12.87
0,2022,015,4.79,1.48,4.78,9.27,5.53,3.59,0.5,0.04,0.44,0.87,8.1,-9.99
0,2015,017,0.12,6.96,0.87,3.41,1.96,0.85,0.43,0.05,0.11,2.07,5.25,10.41
0,2016,017,11.92,2.18,10.64,3.9,1.8,0.03,0.0,0.05,0.09,10.29,4.01,8.23
0,2017,017,24.56,20.83,5.6,7.45,1.08,0.56,0.01,0.2,0.95,0.78,10.63,0.87
0,2018,017,6.61,1.31,15.07,4.76,1.68,0.02,0.11,0.02,0.02,0.91,5.81,3.97
0,2019,017,10.66,19.5,8.34,2.81,5.76,0.18,0.03,0.01,1.61,0.1,2.34,9.18
0,2020,017,3.5,0.11,7.53,3.9,2.58,0.27,0.05,0.06,0.03,0.02,3.89,3.96
0,2021,017,6.35,3.39,3.56,0.66,0.43,0.08,0.1,0.02,0.4,11.09,1.78,14.24
0,2022,017,0.47,0.77,1.5,5.93,0.57,0.91,0.01,0.21,1.51,0.08,4.26,-9.99
0,2015,019,0.19,1.89,0.28,1.01,1.02,0.18,0.56,0.02,0.16,1.16,2.55,3.21
0,2016,019,5.47,1.2,3.34,1.94,0.64,0.25,0.0,0.02,0.07,1.78,1.4,3.49
0,2017,019,12.17,7.34,1.67,3.01,0.51,0.09,0.01,0.23,0.45,0.15,1.43,0.1
0,2018,019,2.1,0.49,7.01,1.71,0.26,0.0,0.25,0.0,0.02,0.49,3.28,1.26
0,2019,019,4.01,7.15,3.95,0.63,3.52,0.08,0.07,0.0,0.01,0.0,2.01,3.69
0,2020,019,0.7,0.23,3.39,2.76,0.53,0.04,0.0,0.02,0.0,0.0,0.76,1.19
0,2021,019,3.97,0.53,2.01,0.18,0.04,0.01,0.06,0.05,0.03,2.48,0.38,7.09
0,2022,019,0.03,0.21,1.58,0.89,0.0,0.05,0.07,0.37,0.77,0.0,1.79,-9.99
0,2015,021,0.11,3.84,0.21,1.7,0.25,0.07,0.18,0.02,0.23,0.11,1.54,4.1
0,2016,021,8.9,0.7,7.06,0.88,1.19,0.45,0.0,0.0,0.0,2.94,3.0,4.49
0,2017,021,10.5,9.55,2.52,2.67,0.09,0.17,0.0,0.0,0.07,0.34,2.62,0.03
0,2018,021,3.64,0.08,3.4,3.33,0.27,0.01,0.0,0.0,0.03,1.06,4.45,2.68
0,2019,021,7.86,14.32,6.48,0.49,2.79,0.0,0.0,0.07,0.38,0.02,1.01,5.7
0,2020,021,1.72,0.0,1.07,0.62,1.57,0.12,0.0,0.14,0.0,0.01,0.57,1.4
0,2021,021,3.4,0.82,1.91,0.26,0.02,0.07,0.0,0.0,0.18,6.14,1.51,5.45
0,2022,021,0.28,0.01,1.04,0.79,0.2,0.5,0.01,0.03,1.71,0.0,1.77,-9.99
0,2015,023,2.13,10.79,3.68,3.29,0.38,0.17,0.38,0.47,0.62,1.1,5.43,22.11
0,2016,023,19.71,4.29,14.58,3.52,1.41,0.3,0.31,0.01,0.04,15.75,8.89,11.05
0,2017,023,18.42,20.69,10.95,8.43,1.4,0.79,0.05,0.36,0.97,1.87,10.53,2.26
0,2018,023,11.12,3.08,11.26,6.23,1.19,0.42,0.02,0.02,0.56,1.29,6.96,6.47
0,2019,023,12.3,22.52,7.79,4.03,4.57,0.01,0.02,0.35,2.42,1.88,2.76,12.83
0,2020,023,11.7,1.1,3.81,2.59,6.03,0.52,0.03,0.06,0.69,0.51,4.26,6.37
0,2021,023,11.38,7.52,5.85,0.91,0.35,1.13,0.13,0.03,1.61,7.12,4.9,11.48
0,2022,023,3.24,0.72,2.66,6.66,2.71,1.78,0.57,0.03,1.02,0.33,8.21,-9.99
0,2015,025,0.36,0.05,0.63,0.02,0.32,0.06,0.37,0.02,0.1,0.17,0.04,0.07
0,2016,025,0.94,0.01,0.01,0.26,0.05,0.0,0.08,0.03,0.2,0.06,0.03,1.39
0,2017,025,1.11,0.94,0.04,0.0,0.12,0.0,0.23,0.18,0.2,0.0,0.0,0.0
0,2018,025,0.17,0.03,0.05,0.03,0.0,0.0,0.12,0.11,0.21,0.4,0.02,0.93
0,2019,025,0.65,0.59,0.21,0.07,0.05,0.0,0.04,0.0,0.58,0.0,0.98,0.59
0,2020,025,0.02,0.46,1.78,0.38,0.0,0.0,0.0,0.0,0.0,0.0,0.01,0.04
0,2021,025,1.24,0.01,0.06,0.01,0.0,0.01,0.29,0.31,0.19,0.05,0.0,0.32
0,2022,025,0.0,0.02,0.05,0.0,0.0,0.0,0.02,0.66,0.87,0.47,0.04,-9.99
0,2015,027,0.64,0.48,0.23,0.06,0.73,0.1,1.12,0.07,0.04,1.44,0.16,0.1
0,2016,027,1.02,0.56,0.29,0.98,0.26,0.27,0.11,0.04,0.02,0.31,0.18,0.87
0,2017,027,3.87,1.89,0.06,0.56,0.39,0.01,0.12,0.31,0.31,0.0,0.15,0.01
0,2018,027,0.91,0.13,1.16,0.25,0.24,0.0,0.67,0.02,0.03,0.33,0.41,0.37
0,2019,027,1.64,2.2,2.37,0.17,1.12,0.04,0.07,0.15,0.03,0.0,0.99,1.22
0,2020,027,0.05,0.25,1.24,0.96,0.05,0.07,0.0,0.01,0.0,0.0,0.1,0.26
0,2021,027,0.66,0.13,0.28,0.04,0.01,0.01,1.02,0.02,0.08,0.42,0.05,1.89
0,2022,027,0.01,0.05,0.19,0.04,0.0,0.09,0.17,1.24,0.53,0.0,0.39,-9.99
0,2015,029,0.81,0.86,0.31,0.21,0.5,0.05,0.5,0.0,0.18,0.58,0.76,0.8
0,2016,029,2.49,0.7,1.09,0.92,0.3,0.0,0.0,0.0,0.0,0.42,0.73,2.56
0,2017,029,5.12,3.05,0.45,0.25,0.18,0.01,0.01,0.05,0.32,0.01,0.2,0.03
0,2018,029,1.53,0.35,2.67,0.31,0.11,0.0,0.08,0.0,0.0,0.06,0.82,1.1
0,2019,029,2.8,2.95,2.12,0.24,1.26,0.1,0.01,0.0,0.01,0.0,1.47,2.36
0,2020,029,0.31,0.14,2.39,2.25,0.13,0.05,0.0,0.02,0.0,0.0,0.26,0.5
0,2021,029,1.27,0.1,0.76,0.2,0.0,0.05,0.12,0.0,0.01,0.92,0.03,3.35
0,2022,029,0.06,0.16,1.13,0.36,0.0,0.17,0.01,0.08,0.35,0.01,0.92,-9.99
0,2015,031,0.17,0.72,0.25,0.48,0.28,0.03,0.08,0.01,0.01,0.58,0.79,1.18
0,2016,031,2.39,0.35,1.18,0.48,0.24,0.03,0.0,0.0,0.0,0.74,0.87,1.33
0,2017,031,3.74,2.57,0.61,0.7,0.34,0.01,0.0,0.0,0.07,0.03,0.1,0.04
0,2018,031,1.08,0.17,2.26,0.34,0.0,0.0,0.0,0.0,0.0,0.08,1.27,0.41
0,2019,031,1.66,2.21,1.37,0.29,1.36,0.09,0.0,0.0,0.0,0.0,0.77,1.94
0,2020,031,0.55,0.01,2.07,1.29,0.06,0.0,0.0,0.0,0.0,0.0,0.25,0.31
0,2021,031,2.36,0.03,0.78,0.13,0.0,0.0,0.0,0.0,0.0,0.82,0.1,3.09
0,2022,031,0.01,0.09,1.08,0.19,0.0,0.05,0.0,0.01,0.08,0.0,0.5,-9.99
0,2015,033,0.46,6.44,0.55,2.52,0.21,0.08,0.17,0.15,0.72,0.26,2.42,11.38
0,2016,033,14.73,2.02,14.0,1.35,0.93,0.26,0.0,0.0,0.0,7.48,5.18,9.39
0,2017,033,22.13,17.09,4.67,5.61,0.03,0.28,0.0,0.0,0.04,0.42,6.45,0.27
0,2018,033,8.1,0.56,7.41,5.53,0.24,0.01,0.0,0.0,0.16,1.41,5.89,5.06
0,2019,033,11.76,20.47,8.86,1.9,5.15,0.01,0.0,0.26,0.35,0.07,1.66,10.46
0,2020,033,5.04,0.02,2.22,1.41,2.58,0.02,0.0,0.36,0.02,0.03,1.72,3.6
0,2021,033,6.07,3.09,3.29,0.41,0.01,0.05,0.0,0.0,0.3,10.09,2.49,10.77
0,2022,033,1.03,0.06,1.37,3.35,0.36,0.66,0.04,0.05,2.09,0.03,2.37,-9.99
0,2015,035,0.13,2.57,0.57,0.91,2.72,0.74,1.36,0.05,0.31,1.08,2.23,4.56
0,2016,035,5.09,1.07,3.62,1.79,2.05,0.56,0.02,0.04,0.04,3.71,1.56,4.08
0,2017,035,7.83,7.03,2.41,3.78,0.53,0.66,0.16,0.79,0.5,0.58,3.73,0.47
0,2018,035,2.65,0.48,3.44,3.69,2.79,0.32,0.07,0.01,0.0,1.08,1.98,2.37
0,2019,035,4.32,6.4,2.9,2.15,3.1,0.46,0.04,0.22,1.76,0.17,0.29,3.76
0,2020,035,2.27,0.07,2.06,0.91,1.48,0.39,0.1,0.1,0.0,0.04,1.13,2.26
0,2021,035,2.64,1.74,1.5,0.53,0.33,0.34,0.16,0.02,0.77,4.13,0.5,5.63
0,2022,035,0.26,0.22,0.75,2.72,0.64,1.48,0.01,0.17,1.07,0.16,1.49,-9.99
0,2015,037,1.39,0.78,0.64,0.23,0.72,0.04,0.36,0.01,1.0,0.6,0.29,1.05
0,2016,037,3.47,0.84,1.93,0.43,0.31,0.01,0.0,0.0,0.01,0.48,1.08,4.03
0,2017,037,7.83,4.64,0.28,0.11,0.36,0.03,0.01,0.09,0.24,0.02,0.07,0.01
0,2018,037,2.12,0.37,3.8,0.06,0.17,0.0,0.01,0.0,0.0,0.4,1.45,2.41
0,2019,037,5.64,6.38,2.65,0.14,1.19,0.03,0.01,0.0,0.04,0.0,2.36,4.96
0,2020,037,0.24,0.14,4.9,3.81,0.16,0.01,0.0,0.02,0.0,0.01,0.22,1.38
0,2021,037,2.0,0.04,1.07,0.04,0.02,0.0,0.08,0.02,0.01,0.79,0.0,7.72
0,2022,037,0.14,0.17,1.3,0.32,0.02,0.13,0.02,0.01,0.48,0.18,1.94,-9.99
0,2015,039,0.16,1.82,0.25,1.69,0.91,0.14,0.51,0.02,0.28,1.22,3.05,4.37
0,2016,039,6.12,1.13,4.57,2.53,0.63,0.23,0.02,0.01,0.08,2.44,1.71,4.61
0,2017,039,11.94,8.14,2.34,3.25,0.33,0.14,0.0,0.44,0.78,0.21,2.03,0.16
0,2018,039,2.56,0.59,8.71,2.18,0.37,0.0,0.11,0.01,0.05,0.5,4.2,1.44
0,2019,039,4.9,6.9,4.19,0.86,3.63,0.12,0.09,0.0,0.04,0.01,1.2,3.36
0,2020,039,0.92,0.1,3.37,3.09,0.67,0.11,0.02,0.07,0.02,0.0,1.07,1.62
0,2021,039,4.19,0.65,1.73,0.29,0.13,0.08,0.2,0.29,0.04,3.05,0.58,7.82
0,2022,039,0.03,0.12,1.71,1.77,0.02,0.02,0.05,0.33,0.74,0.03,1.94,-9.99
0,2015,041,0.05,3.53,0.26,1.88,0.12,0.27,0.07,0.03,0.27,0.06,1.84,7.55
0,2016,041,10.73,1.17,9.7,1.51,0.22,0.03,0.0,0.01,0.0,6.33,4.04,7.07
0,2017,041,17.01,13.84,4.45,4.65,0.07,0.3,0.0,0.0,0.1,0.24,5.1,0.09
0,2018,041,6.77,0.37,8.32,5.04,0.13,0.0,0.0,0.02,0.02,1.29,5.19,3.34
0,2019,041,7.95,15.07,7.21,1.13,3.56,0.01,0.0,0.0,0.1,0.02,1.53,10.12
0,2020,041,3.56,0.0,2.16,1.47,1.24,0.0,0.01,0.25,0.0,0.01,1.54,2.83
0,2021,041,4.1,1.44,2.18,0.09,0.0,0.01,0.0,0.01,0.17,8.78,3.04,10.42
0,2022,041,1.08,0.07,1.04,2.43,0.02,0.56,0.01,0.04,1.03,0.01,1.82,-9.99
0,2015,043,0.13,2.46,0.38,2.11,1.26,0.23,0.66,0.02,0.13,1.72,4.23,6.67
0,2016,043,8.08,1.39,7.28,3.31,0.8,0.18,0.01,0.0,0.05,4.5,2.28,6.82
0,2017,043,14.89,11.57,4.14,4.76,0.45,0.29,0.0,0.5,0.91,0.4,3.79,0.29
0,2018,043,3.75,0.91,11.99,3.4,0.55,0.0,0.06,0.01,0.08,0.87,6.12,2.43
0,2019,043,6.52,11.35,6.03,1.18,4.72,0.17,0.05,0.0,0.23,0.02,1.69,6.1
0,2020,043,1.36,0.1,4.52,3.45,1.83,0.1,0.02,0.04,0.04,0.0,1.6,2.72
0,2021,043,5.03,1.43,2.29,0.55,0.18,0.19,0.2,0.24,0.02,4.88,0.83,10.64
0,2022,043,0.03,0.27,1.6,2.86,0.05,0.08,0.02,0.23,1.12,0.08,2.61,-9.99
0,2015,045,1.04,7.23,1.28,3.08,0.27,0.07,0.24,0.25,0.93,0.3,3.54,17.19
0,2016,045,16.86,2.85,15.39,2.04,1.12,0.46,0.01,0.01,0.02,9.32,7.65,10.19
0,2017,045,20.27,17.66,6.24,5.88,0.27,0.26,0.01,0.01,0.21,0.86,8.68,0.69
0,2018,045,9.85,0.89,8.64,7.38,0.42,0.1,0.01,0.01,0.22,1.59,6.32,6.29
0,2019,045,11.31,20.92,9.87,2.22,5.34,0.02,0.01,0.35,0.71,0.37,2.11,9.17
0,2020,045,7.39,0.08,2.81,1.57,2.64,0.07,0.01,0.3,0.13,0.1,2.57,4.44
0,2021,045,7.81,4.16,3.76,0.72,0.05,0.24,0.01,0.03,0.61,10.66,3.19,12.19
0,2022,045,1.62,0.17,1.58,5.33,0.95,1.07,0.13,0.05,2.32,0.17,4.26,-9.99
0,2015,047,0.02,1.2,0.21,0.66,0.34,0.0,0.01,0.03,0.01,0.42,2.34,1.74
0,2016,047,4.66,0.42,3.06,1.79,0.39,0.0,0.0,0.0,0.0,1.63,0.8,1.71
0,2017,047,5.81,3.73,1.39,1.02,0.12,0.02,0.0,0.0,0.03,0.12,0.7,0.08
0,2018,047,2.2,0.37,3.1,1.06,0.07,0.0,0.0,0.0,0.0,0.05,2.28,1.37
0,2019,047,2.3,3.59,2.17,0.12,1.37,0.0,0.0,0.0,0.03,0.0,0.69,3.58
0,2020,047,0.67,0.0,2.09,1.14,0.22,0.0,0.0,0.0,0.0,0.0,0.61,1.04
0,2021,047,3.52,0.32,0.88,0.02,0.0,0.0,0.0,0.0,0.01,1.48,0.27,4.0
0,2022,047,0.03,0.03,0.93,0.74,0.0,0.01,0.0,0.02,0.22,0.0,1.1,-9.99
0,2015,049,0.39,1.66,1.06,0.77,2.72,0.54,1.32,0.12,0.62,0.91,1.64,5.1
0,2016,049,3.95,0.89,2.8,1.3,2.12,0.85,0.11,0.02,0.07,2.61,1.19,3.26
0,2017,049,4.59,4.44,2.19,2.51,0.62,0.96,0.42,0.49,0.52,0.73,3.13,0.52
0,2018,049,2.01,0.95,2.71,3.1,2.65,0.44,0.14,0.02,0.06,1.25,1.82,2.14
0,2019,049,3.18,4.27,2.53,2.64,2.79,0.18,0.02,0.36,1.81,0.46,0.38,2.6
0,2020,049,3.53,0.3,2.22,0.67,1.7,0.78,0.06,0.14,0.02,0.23,1.63,1.64
0,2021,049,1.6,1.98,1.02,0.74,0.39,0.21,0.07,0.06,1.61,2.89,0.47,3.41
0,2022,049,0.56,0.36,0.75,2.73,1.03,1.27,0.03,0.33,0.99,0.33,2.14,-9.99
0,2015,051,0.18,1.5,0.28,0.77,2.97,0.88,1.66,0.24,0.29,1.43,1.85,2.03
0,2016,051,2.71,1.01,1.88,1.98,1.25,0.6,0.21,0.05,0.28,2.53,0.46,2.26
0,2017,051,10.09,5.85,1.64,2.88,0.94,0.12,0.19,0.91,0.91,0.17,2.59,0.16
0,2018,051,1.06,0.48,4.66,1.45,1.24,0.01,1.61,0.15,0.09,0.51,2.07,0.75
0,2019,051,3.19,6.02,2.98,0.36,2.24,0.23,0.57,0.03,0.21,0.01,1.13,2.15
0,2020,051,0.48,0.13,1.81,1.86,0.35,0.31,0.21,0.5,0.1,0.02,0.91,1.03
0,2021,051,2.42,0.67,0.92,0.19,0.45,0.51,1.36,0.35,0.06,3.15,0.38,5.59
0,2022,051,0.01,0.13,0.63,0.58,0.08,0.07,0.35,2.0,1.43,0.1,1.46,-9.99
0,2015,053,0.1,2.19,0.29,1.24,0.39,0.05,0.13,0.04,0.04,0.43,3.07,3.27
0,2016,053,6.92,1.1,4.83,0.77,0.24,0.01,0.0,0.0,0.0,2.31,1.95,2.73
0,2017,053,12.07,7.6,2.01,1.74,0.11,0.05,0.03,0.02,0.07,0.15,1.04,0.13
0,2018,053,3.93,0.35,6.84,1.24,0.06,0.0,0.01,0.0,0.0,0.27,3.96,2.55
0,2019,053,5.09,8.85,3.48,0.38,1.99,0.03,0.0,0.0,0.03,0.0,2.23,8.42
0,2020,053,1.25,0.02,4.06,2.49,0.38,0.01,0.01,0.04,0.0,0.0,0.56,1.39
0,2021,053,7.68,0.34,1.71,0.05,0.01,0.0,0.03,0.0,0.01,2.35,0.41,8.2
0,2022,053,0.1,0.14,1.41,0.79,0.0,0.07,0.0,0.03,0.62,0.01,2.07,-9.99
0,2015,055,0.06,4.33,0.19,1.63,0.15,0.11,0.06,0.01,0.28,0.21,1.68,5.17
0,2016,055,9.59,1.15,9.62,1.31,0.36,0.01,0.0,0.0,0.0,5.39,2.74,5.84
0,2017,055,17.81,13.0,3.64,3.68,0.03,0.38,0.0,0.0,0.04,0.21,4.4,0.11
0,2018,055,5.5,0.31,7.12,3.1,0.15,0.0,0.01,0.0,0.04,0.78,4.43,3.12
0,2019,055,8.69,14.41,6.18,0.96,3.48,0.0,0.01,0.0,0.07,0.0,1.03,8.67
0,2020,055,2.71,0.01,1.5,1.16,1.39,0.0,0.0,0.1,0.0,0.0,1.29,2.16
0,2021,055,4.3,1.93,2.19,0.15,0.01,0.0,0.0,0.0,0.07,7.99,1.71,8.82
0,2022,055,0.82,0.06,1.03,1.87,0.13,0.29,0.01,0.08,1.1,0.0,1.5,-9.99
0,2015,057,0.11,6.73,0.9,3.29,1.46,0.63,0.46,0.1,0.19,1.64,5.11,11.46
0,2016,057,14.36,2.29,14.62,3.18,2.09,0.15,0.0,0.04,0.04,12.31,5.48,11.22
0,2017,057,26.44,23.27,6.55,9.37,0.8,0.65,0.01,0.2,0.89,0.95,12.54,0.92
0,2018,057,8.09,1.35,15.52,5.49,2.13,0.14,0.07,0.0,0.02,0.89,7.25,4.41
0,2019,057,12.94,21.56,7.97,3.29,5.76,0.46,0.04,0.02,2.33,0.14,2.15,10.26
0,2020,057,4.42,0.16,6.71,3.85,3.13,0.26,0.1,0.06,0.01,0.01,4.37,4.34
0,2021,057,6.71,3.77,3.71,0.59,0.43,0.07,0.13,0.03,0.83,13.47,2.36,16.36
0,2022,057,0.97,0.58,1.44,6.38,0.6,1.39,0.01,0.21,1.63,0.09,4.49,-9.99
0,2015,059,0.84,0.58,0.65,0.22,1.01,0.02,0.19,0.01,0.96,0.38,0.26,0.79
0,2016,059,2.54,0.39,1.21,0.29,0.25,0.02,0.0,0.0,0.04,0.63,1.2,4.35
0,2017,059,8.31,3.92,0.13,0.07,0.39,0.0,0.01,0.18,0.1,0.0,0.05,0.04
0,2018,059,1.7,0.32,1.81,0.03,0.13,0.0,0.01,0.0,0.0,0.85,1.37,2.57
0,2019,059,5.07,6.3,1.97,0.13,0.85,0.02,0.02,0.0,0.02,0.0,2.63,4.23
0,2020,059,0.23,0.34,3.84,3.39,0.09,0.05,0.0,0.0,0.0,0.01,0.36,1.26
0,2021,059,1.87,0.05,1.52,0.02,0.07,0.0,0.07,0.03,0.05,0.54,0.0,5.17
0,2022,059,0.07,0.21,1.09,0.21,0.01,0.06,0.01,0.02,0.42,0.29,1.97,-9.99
0,2015,061,0.12,6.73,0.75,3.23,1.93,0.77,0.3,0.06,0.15,1.83,4.98,10.15
0,2016,061,12.37,2.12,12.08,3.4,2.18,0.08,0.0,0.04,0.06,10.95,4.25,9.75
0,2017,061,25.03,21.21,6.08,7.91,1.08,0.56,0.01,0.27,0.91,0.85,11.12,0.81
0,2018,061,7.27,1.36,15.13,5.05,2.13,0.06,0.09,0.01,0.02,0.9,6.3,4.1
0,2019,061,11.64,20.49,7.68,2.71,5.48,0.23,0.03,0.01,1.72,0.13,2.09,9.61
0,2020,061,3.79,0.13,6.63,3.52,2.5,0.27,0.06,0.07,0.01,0.02,4.11,3.84
0,2021,061,5.65,3.6,3.45,0.59,0.51,0.05,0.09,0.03,0.57,12.55,2.01,15.24
0,2022,061,0.68,0.69,1.41,5.8,0.67,1.02,0.01,0.24,1.54,0.09,4.11,-9.99
0,2015,063,0.15,5.64,0.83,1.86,1.89,0.65,0.94,0.12,0.27,1.73,3.96,8.19
0,2016,063,11.63,2.35,11.99,2.68,2.34,0.62,0.0,0.05,0.08,8.86,3.76,8.39
0,2017,063,20.55,19.04,5.73,8.73,0.62,0.61,0.03,0.36,1.04,0.76,9.98,0.89
0,2018,063,5.8,0.89,11.55,4.47,2.36,0.33,0.07,0.0,0.0,0.87,4.39,4.63
0,2019,063,11.38,17.35,7.02,2.79,4.94,0.5,0.03,0.11,2.35,0.16,1.45,8.06
0,2020,063,3.55,0.05,4.55,2.37,3.23,0.35,0.28,0.09,0.0,0.01,3.26,3.92
0,2021,063,4.82,3.11,3.3,0.76,0.27,0.16,0.2,0.01,0.61,10.52,1.56,12.97
0,2022,063,0.68,0.29,1.01,5.09,0.55,1.27,0.01,0.1,1.3,0.01,3.23,-9.99
0,2015,065,0.75,0.37,0.92,0.2,0.58,0.05,0.75,0.06,0.4,0.76,0.15,0.44
0,2016,065,2.32,0.17,0.37,0.74,0.13,0.0,0.04,0.08,0.49,0.37,0.52,2.81
0,2017,065,4.09,2.23,0.06,0.01,0.22,0.0,0.1,0.57,0.64,0.0,0.02,0.0
0,2018,065,1.29,0.18,0.84,0.0,0.07,0.0,0.27,0.22,0.01,1.21,0.49,1.24
0,2019,065,2.03,4.4,0.97,0.11,0.47,0.0,0.25,0.0,0.46,0.0,1.88,2.21
0,2020,065,0.1,0.25,3.67,1.9,0.01,0.02,0.0,0.02,0.0,0.0,0.27,0.38
0,2021,065,1.33,0.04,0.61,0.05,0.0,0.04,0.69,0.25,0.2,0.34,0.0,1.85
0,2022,065,0.04,0.24,0.36,0.12,0.0,0.04,0.05,0.82,0.73,0.81,0.57,-9.99
0,2015,067,0.02,2.59,0.25,1.94,0.17,0.1,0.01,0.02,0.02,0.3,1.92,2.22
0,2016,067,5.86,0.89,5.22,1.51,0.48,0.0,0.0,0.0,0.0,3.91,1.57,3.23
0,2017,067,10.18,8.19,2.66,3.4,0.12,0.19,0.0,0.0,0.01,0.2,2.76,0.16
0,2018,067,4.47,0.54,5.24,2.67,0.4,0.0,0.0,0.0,0.0,0.21,2.99,2.43
0,2019,067,4.53,8.31,3.77,0.76,3.33,0.01,0.0,0.0,0.24,0.0,0.73,4.2
0,2020,067,1.28,0.0,2.03,1.9,0.59,0.01,0.0,0.02,0.0,0.0,0.73,1.5
0,2021,067,2.85,1.17,1.31,0.03,0.01,0.0,0.0,0.0,0.03,5.04,0.78,6.36
0,2022,067,0.08,0.02,1.0,1.13,0.04,0.16,0.0,0.0,0.46,0.0,1.36,-9.99
0,2015,069,0.04,1.54,0.33,0.95,0.68,0.02,0.03,0.06,0.03,0.52,3.39,2.53
0,2016,069,5.78,0.74,4.14,1.29,0.28,0.0,0.0,0.01,0.0,2.0,1.52,1.89
0,2017,069,9.17,5.06,1.68,1.22,0.11,0.03,0.02,0.01,0.02,0.09,0.6,0.1
0,2018,069,3.34,0.29,5.2,1.04,0.02,0.0,0.01,0.0,0.0,0.17,3.51,2.2
0,2019,069,3.51,6.75,2.4,0.37,1.44,0.03,0.01,0.0,0.03,0.0,1.85,6.58
0,2020,069,1.16,0.02,3.65,1.97,0.3,0.0,0.01,0.01,0.0,0.0,0.56,1.04
0,2021,069,5.66,0.26,1.41,0.04,0.0,0.0,0.02,0.0,0.01,2.0,0.4,6.27
0,2022,069,0.03,0.04,1.17,0.63,0.0,0.17,0.0,0.02,0.24,0.0,2.0,-9.99
0,2015,071,1.01,0.52,0.5,0.19,0.23,0.06,1.2,0.1,0.33,0.9,0.23,0.27
0,2016,071,1.49,0.25,0.34,0.83,0.15,0.03,0.16,0.3,0.18,0.53,0.24,2.1
0,2017,071,2.91,1.3,0.04,0.02,0.19,0.0,0.35,0.36,0.39,0.0,0.0,0.0
0,2018,071,1.12,0.12,0.92,0.0,0.25,0.0,0.51,0.15,0.01,0.81,0.36,0.86
0,2019,071,1.87,2.9,1.17,0.18,0.52,0.01,0.24,0.06,0.24,0.0,1.39,2.21
0,2020,071,0.03,0.23,2.39,1.33,0.01,0.0,0.0,0.07,0.0,0.0,0.14,0.24
0,2021,071,0.85,0.04,0.3,0.01,0.01,0.05,0.68,0.27,0.18,0.35,0.0,1.56
0,2022,071,0.06,0.19,0.2,0.08,0.0,0.04,0.44,0.98,0.35,0.32,0.55,-9.99
0,2015,073,0.6,0.75,1.18,0.31,1.39,0.09,0.72,0.05,0.91,0.63,0.88,1.57
0,2016,073,4.03,0.4,1.16,0.84,0.5,0.0,0.0,0.0,0.7,0.17,1.17,4.2
0,2017,073,5.78,4.78,0.19,0.01,1.15,0.01,0.1,0.49,0.19,0.02,0.03,0.04
0,2018,073,2.55,0.64,1.74,0.03,0.16,0.0,0.18,0.02,0.0,0.51,1.59,2.27
0,2019,073,2.92,7.34,1.45,0.29,1.27,0.06,0.15,0.0,0.31,0.0,3.63,3.75
0,2020,073,0.37,0.71,4.75,3.37,0.08,0.11,0.0,0.01,0.0,0.06,0.95,0.94
0,2021,073,2.36,0.17,2.33,0.18,0.05,0.01,0.43,0.54,0.15,0.97,0.0,4.15
0,2022,073,0.25,0.95,1.71,0.26,0.01,0.02,0.01,0.24,1.02,0.62,1.4,-9.99
0,2015,075,0.0,2.11,0.13,1.54,0.11,0.23,0.06,0.02,0.08,0.02,1.66,5.19
0,2016,075,7.46,1.03,7.2,1.48,0.16,0.01,0.02,0.01,0.0,3.63,2.31,5.54
0,2017,075,10.63,9.26,4.12,2.9,0.01,0.19,0.0,0.01,0.27,0.28,3.77,0.15
0,2018,075,5.61,0.4,5.38,4.12,0.05,0.0,0.0,0.01,0.03,0.31,4.22,2.38
0,2019,075,5.57,9.46,5.21,0.47,2.51,0.0,0.0,0.0,0.12,0.0,1.44,4.78
0,2020,075,2.45,0.0,2.28,1.18,0.62,0.0,0.03,0.06,0.0,0.01,0.64,2.17
0,2021,075,3.2,1.73,1.85,0.11,0.01,0.01,0.01,0.02,0.05,6.44,1.64,9.59
0,2022,075,0.63,0.03,0.61,1.58,0.01,0.36,0.04,0.01,0.4,0.0,1.87,-9.99
0,2015,077,0.01,1.68,0.25,1.04,0.15,0.1,0.01,0.04,0.01,0.22,1.96,2.22
0,2016,077,4.86,0.68,3.75,2.15,0.29,0.0,0.0,0.0,0.0,2.86,1.43,2.31
0,2017,077,7.4,5.52,2.01,2.15,0.08,0.06,0.0,0.02,0.01,0.14,1.58,0.11
0,2018,077,3.12,0.62,3.01,2.13,0.15,0.0,0.0,0.0,0.0,0.59,2.51,2.22
0,2019,077,2.73,5.05,2.9,0.59,2.15,0.0,0.0,0.0,0.22,0.0,0.71,3.25
0,2020,077,1.05,0.0,2.0,1.17,0.47,0.0,0.0,0.01,0.0,0.0,0.26,1.64
0,2021,077,3.06,0.92,0.98,0.07,0.0,0.0,0.0,0.0,0.02,3.96,0.56,4.65
0,2022,077,0.04,0.03,0.68,0.82,0.01,0.07,0.0,0.0,0.32,0.0,1.23,-9.99
0,2015,079,0.35,1.87,0.19,0.72,0.18,0.07,0.13,0.0,0.05,0.14,1.36,1.59
0,2016,079,5.29,0.63,3.38,0.42,0.18,0.0,0.0,0.0,0.0,1.74,1.67,2.75
0,2017,079,10.07,6.91,1.44,1.45,0.36,0.0,0.0,0.01,0.26,0.07,0.25,0.07
0,2018,079,2.47,0.24,6.82,0.33,0.02,0.0,0.0,0.0,0.0,0.39,3.0,1.13
0,2019,079,5.58,6.38,3.55,0.17,1.47,0.01,0.0,0.0,0.0,0.0,1.9,4.59
0,2020,079,0.61,0.01,4.2,2.58,0.18,0.01,0.0,0.05,0.0,0.0,0.38,1.29
0,2021,079,6.16,0.08,1.17,0.08,0.01,0.01,0.01,0.0,0.0,1.92,0.14,7.23
0,2022,079,0.12,0.05,1.16,0.46,0.0,0.0,0.0,0.0,0.69,0.0,1.02,-9.99
0,2015,081,0.01,3.26,0.26,1.51,0.28,0.19,0.05,0.01,0.04,0.1,2.42,5.94
0,2016,081,8.05,1.23,8.73,2.15,0.19,0.01,0.02,0.01,0.0,4.78,2.51,5.4
0,2017,081,13.98,10.91,4.0,3.28,0.01,0.09,0.0,0.01,0.15,0.37,3.86,0.13
0,2018,081,6.24,0.47,6.01,3.13,0.11,0.01,0.01,0.0,0.01,0.12,4.06,2.56
0,2019,081,6.54,10.48,6.03,0.87,2.96,0.03,0.01,0.01,0.11,0.01,1.66,5.62
0,2020,081,2.4,0.0,2.68,1.94,0.7,0.02,0.01,0.09,0.0,0.0,0.84,2.27
0,2021,081,3.89,1.88,1.94,0.08,0.01,0.03,0.01,0.01,0.06,5.89,1.0,11.27
0,2022,081,0.54,0.1,1.02,2.19,0.05,0.12,0.04,0.03,0.46,0.03,2.8,-9.99
0,2015,083,0.95,0.7,0.31,0.37,0.33,0.21,0.14,0.0,0.1,0.18,0.73,1.03
0,2016,083,5.22,0.91,2.95,0.63,0.35,0.0,0.0,0.0,0.0,1.11,1.51,3.31
0,2017,083,8.75,9.26,0.95,0.58,0.39,0.0,0.01,0.01,0.44,0.03,0.08,0.02
0,2018,083,2.75,0.18,5.45,0.19,0.14,0.01,0.0,0.0,0.0,0.54,2.29,1.17
0,2019,083,7.52,6.68,3.5,0.18,1.59,0.01,0.0,0.01,0.0,0.0,2.19,4.97
0,2020,083,0.63,0.03,4.93,3.58,0.08,0.02,0.0,0.01,0.0,0.0,0.22,1.84
0,2021,083,5.63,0.1,1.23,0.1,0.01,0.0,0.02,0.0,0.0,1.58,0.09,7.78
0,2022,083,0.19,0.14,1.64,0.37,0.01,0.0,0.0,0.0,0.39,0.03,1.41,-9.99
0,2015,085,0.01,2.87,0.4,1.28,0.57,0.07,0.02,0.1,0.01,0.28,3.33,4.79
0,2016,085,7.73,1.24,7.73,2.14,0.36,0.0,0.01,0.02,0.0,3.96,2.26,4.19
0,2017,085,12.68,9.68,3.23,2.79,0.06,0.08,0.0,0.0,0.1,0.22,2.55,0.14
0,2018,085,4.74,0.51,6.01,2.68,0.06,0.0,0.01,0.0,0.0,0.1,4.09,2.9
0,2019,085,5.45,9.47,5.81,0.74,2.77,0.02,0.02,0.01,0.09,0.01,1.46,6.32
0,2020,085,2.19,0.0,4.32,2.32,0.88,0.01,0.0,0.03,0.0,0.0,0.6,2.12
0,2021,085,4.71,1.07,2.04,0.15,0.0,0.0,0.01,0.01,0.02,4.62,0.74,9.44
0,2022,085,0.15,0.16,0.91,1.67,0.03,0.02,0.01,0.01,0.85,0.01,2.78,-9.99
0,2015,087,0.0,3.65,0.52,1.85,0.29,0.06,0.06,0.06,0.02,0.1,3.77,6.64
0,2016,087,11.48,1.16,10.33,1.68,0.25,0.0,0.02,0.03,0.01,5.4,3.05,7.03
0,2017,087,19.27,14.61,5.03,4.06,0.05,0.09,0.0,0.01,0.09,0.21,4.05,0.16
0,2018,087,6.08,0.36,8.63,3.17,0.08,0.02,0.02,0.0,0.0,0.08,5.08,3.81
0,2019,087,8.87,12.83,7.73,0.87,3.52,0.05,0.05,0.02,0.11,0.0,2.14,10.05
0,2020,087,2.78,0.02,3.49,3.02,0.99,0.02,0.02,0.05,0.0,0.0,1.45,2.67
0,2021,087,7.42,1.42,2.84,0.09,0.01,0.02,0.02,0.01,0.02,5.99,1.72,14.36
0,2022,087,0.49,0.08,1.63,2.68,0.01,0.06,0.02,0.02,1.13,0.03,4.23,-9.99
0,2015,089,0.67,6.57,1.5,1.64,1.5,0.57,0.46,0.03,0.71,0.88,2.54,10.58
0,2016,089,13.62,2.58,11.39,2.01,2.2,1.67,0.01,0.01,0.01,9.56,5.82,8.33
0,2017,089,14.71,13.88,6.09,6.67,0.48,0.77,0.0,0.11,0.44,0.81,8.48,0.51
0,2018,089,5.62,0.41,7.9,5.39,1.57,0.12,0.05,0.0,0.05,1.19,6.0,5.83
0,2019,089,9.06,14.17,10.09,4.1,5.23,0.16,0.0,0.72,1.27,0.28,1.44,8.32
0,2020,089,5.45,0.03,5.73,1.48,4.16,0.31,0.07,0.26,0.0,0.04,2.46,3.31
0,2021,089,5.55,3.39,3.4,0.79,0.16,0.05,0.03,0.0,0.9,7.99,3.26,7.78
0,2022,089,1.52,0.07,1.29,4.16,0.43,1.14,0.06,0.02,1.15,0.04,3.48,-9.99
0,2015,091,0.11,6.91,0.88,2.6,2.09,0.76,0.99,0.18,0.24,1.81,4.64,9.88
0,2016,091,12.28,2.38,13.34,3.17,2.49,0.25,0.0,0.08,0.05,11.85,4.13,10.55
0,2017,091,25.17,22.8,6.05,9.47,1.02,0.64,0.04,0.34,1.27,0.87,11.69,0.84
0,2018,091,6.15,1.77,13.82,4.53,2.84,0.31,0.28,0.0,0.02,0.74,5.56,3.25
0,2019,091,12.0,19.94,7.11,3.19,5.11,0.54,0.11,0.04,2.29,0.16,2.52,7.81
0,2020,091,3.66,0.23,5.82,3.0,3.07,0.33,0.2,0.12,0.02,0.02,3.98,3.88
0,2021,091,5.47,3.02,3.18,0.7,0.55,0.12,0.21,0.06,0.82,12.4,2.25,15.89
0,2022,091,0.64,0.71,1.06,5.64,0.62,1.61,0.01,0.26,1.58,0.13,3.56,-9.99
0,2015,093,1.67,7.72,2.5,1.15,2.09,0.52,1.03,0.15,0.48,0.86,2.22,11.95
0,2016,093,10.96,3.01,9.13,2.06,1.56,1.15,0.2,0.01,0.08,10.35,3.98,6.44
0,2017,093,10.61,11.9,5.29,4.81,0.76,0.89,0.06,0.46,0.45,1.07,6.23,1.09
0,2018,093,4.34,1.22,5.58,3.66,1.97,0.34,0.29,0.0,0.21,0.97,3.36,4.29
0,2019,093,6.39,11.59,4.18,3.5,3.27,0.13,0.0,0.78,1.95,0.94,1.4,5.36
0,2020,093,6.37,0.43,2.09,0.93,3.38,0.71,0.36,0.62,0.08,0.23,3.88,4.14
0,2021,093,5.55,3.83,2.61,0.59,0.25,0.48,0.17,0.03,1.52,5.48,2.44,6.28
0,2022,093,1.74,0.41,1.72,3.95,1.11,1.18,0.48,0.18,0.92,0.33,3.52,-9.99
0,2015,095,0.02,2.54,0.17,1.18,0.09,0.15,0.02,0.01,0.05,0.21,1.59,2.71
0,2016,095,6.71,0.62,5.91,1.0,0.33,0.0,0.0,0.0,0.0,2.94,1.55,3.8
0,2017,095,12.48,9.13,3.05,2.86,0.05,0.26,0.0,0.01,0.02,0.17,2.48,0.06
0,2018,095,3.98,0.29,4.93,2.3,0.06,0.0,0.01,0.0,0.0,0.2,3.32,2.25
0,2019,095,5.94,8.8,4.52,0.34,2.39,0.0,0.0,0.0,0.09,0.0,0.82,5.89
0,2020,095,1.41,0.0,1.42,0.93,0.57,0.0,0.0,0.05,0.0,0.0,0.65,1.48
0,2021,095,2.96,1.08,1.24,0.06,0.0,0.0,0.0,0.0,0.03,5.28,0.99,6.84
0,2022,095,0.36,0.02,0.65,0.87,0.05,0.17,0.0,0.02,0.7,0.0,1.29,-9.99
0,2015,097,0.19,5.47,0.28,2.07,0.18,0.18,0.08,0.06,0.62,0.18,2.01,10.11
0,2016,097,12.73,1.33,12.23,1.57,0.39,0.15,0.0,0.01,0.0,8.13,5.1,7.92
0,2017,097,19.58,15.74,4.38,5.3,0.06,0.42,0.0,0.01,0.13,0.44,6.51,0.19
0,2018,097,7.92,0.59,7.9,6.49,0.3,0.0,0.0,0.01,0.12,1.54,6.08,5.07
0,2019,097,9.67,19.45,8.79,2.4,4.67,0.0,0.0,0.02,0.2,0.05,1.59,11.01
0,2020,097,3.92,0.01,1.81,1.31,2.04,0.0,0.01,0.2,0.01,0.02,1.88,3.65
0,2021,097,5.44,2.36,3.07,0.23,0.02,0.01,0.02,0.03,0.31,10.17,3.33,10.21
0,2022,097,1.03,0.08,1.52,3.29,0.19,0.82,0.02,0.13,1.53,0.05,2.21,-9.99
0,2015,099,0.02,1.96,0.23,0.77,0.23,0.02,0.01,0.01,0.01,0.39,2.51,2.47
0,2016,099,5.05,0.63,4.07,1.94,0.33,0.0,0.0,0.0,0.0,2.54,1.2,2.28
0,2017,099,6.98,4.92,1.8,1.55,0.12,0.02,0.0,0.0,0.03,0.12,1.21,0.07
0,2018,099,2.89,0.49,3.27,1.77,0.12,0.0,0.0,0.0,0.0,0.16,2.84,2.03
0,2019,099,2.89,4.82,3.01,0.35,1.89,0.0,0.0,0.0,0.09,0.0,0.69,4.03
0,2020,099,0.93,0.0,2.48,1.22,0.31,0.01,0.0,0.01,0.0,0.0,0.36,1.46
0,2021,099,3.81,0.8,1.1,0.06,0.0,0.0,0.0,0.0,0.02,2.76,0.34,5.31
0,2022,099,0.04,0.07,0.87,0.63,0.01,0.01,0.01,0.02,0.26,0.0,1.29,-9.99
0,2015,101,0.1,2.49,0.17,1.52,0.03,0.03,0.01,0.01,0.04,0.08,2.36,2.03
0,2016,101,5.42,0.72,6.8,0.59,0.47,0.01,0.0,0.0,0.0,2.65,1.59,3.14
0,2017,101,9.03,7.47,2.63,2.62,0.14,0.47,0.0,0.0,0.01,0.29,2.65,0.1
0,2018,101,4.38,0.43,4.96,2.37,0.13,0.0,0.0,0.0,0.0,0.24,2.57,2.53
0,2019,101,5.22,9.07,3.94,0.57,3.07,0.02,0.0,0.0,0.34,0.0,0.53,5.47
0,2020,101,1.45,0.01,1.27,0.85,0.78,0.02,0.0,0.05,0.0,0.0,0.76,1.38
0,2021,101,2.19,1.13,1.49,0.07,0.0,0.0,0.0,0.0,0.06,4.85,0.77,5.52
0,2022,101,0.09,0.0,0.84,0.74,0.06,0.3,0.0,0.0,1.27,0.0,1.2,-9.99
0,2015,103,0.25,4.29,1.04,1.76,0.61,0.33,0.18,0.04,0.4,0.62,2.64,7.4
0,2016,103,12.23,1.6,9.8,2.07,1.47,1.21,0.01,0.0,0.02,7.15,5.1,7.33
0,2017,103,11.81,11.25,4.12,5.04,0.47,0.47,0.0,0.05,0.33,0.78,6.19,0.33
0,2018,103,5.24,0.32,6.71,5.36,0.93,0.17,0.01,0.0,0.01,0.9,5.8,5.13
0,2019,103,9.32,14.32,8.43,1.99,4.37,0.05,0.0,0.24,0.92,0.16,1.4,7.24
0,2020,103,3.47,0.02,3.96,1.12,3.06,0.29,0.02,0.11,0.0,0.01,1.52,2.92
0,2021,103,4.46,2.67,3.41,0.63,0.15,0.11,0.01,0.0,0.51,7.73,2.36,7.99
0,2022,103,0.62,0.03,1.23,2.43,0.25,1.07,0.01,0.02,1.37,0.0,3.22,-9.99
0,2015,105,1.79,11.74,2.53,2.03,1.23,0.58,0.76,0.15,0.76,0.92,2.69,18.03
0,2016,105,19.74,3.28,14.97,2.92,1.59,0.89,0.05,0.01,0.02,14.03,7.35,10.07
0,2017,105,18.3,18.77,7.92,8.72,0.57,1.04,0.01,0.25,0.85,1.28,9.18,0.87
0,2018,105,7.62,1.34,8.57,6.18,2.08,0.14,0.15,0.0,0.24,0.81,6.95,5.68
0,2019,105,11.37,20.41,8.91,5.2,4.29,0.13,0.01,0.61,1.24,0.65,2.36,10.96
0,2020,105,7.66,0.28,3.92,2.71,4.42,0.49,0.35,0.1,0.14,0.17,2.98,4.92
0,2021,105,9.14,6.05,4.22,0.92,0.15,0.28,0.05,0.01,0.99,8.26,4.39,10.36
0,2022,105,2.07,0.21,1.52,5.25,1.01,1.16,0.21,0.06,2.33,0.09,5.69,-9.99
0,2015,107,0.47,2.29,0.43,0.87,1.76,0.09,1.04,0.0,0.12,2.45,2.41,3.34
0,2016,107,4.99,1.95,3.17,1.75,0.68,0.15,0.0,0.03,0.0,1.29,1.07,4.65
0,2017,107,12.91,7.37,1.63,2.35,0.56,0.14,0.02,0.33,0.58,0.05,1.28,0.11
0,2018,107,1.92,0.77,7.32,1.62,0.37,0.0,0.28,0.0,0.0,0.71,2.16,1.2
0,2019,107,4.55,8.13,6.08,0.84,3.31,0.14,0.06,0.0,0.02,0.0,2.35,4.05
0,2020,107,0.8,0.35,3.89,3.74,0.75,0.04,0.0,0.0,0.0,0.0,0.67,1.37
0,2021,107,3.06,0.65,1.81,0.29,0.08,0.0,0.14,0.0,0.04,2.83,0.24,9.33
0,2022,107,0.02,0.59,1.72,0.75,0.0,0.16,0.0,0.37,0.16,0.0,1.67,-9.99
0,2015,109,0.14,5.12,0.68,3.29,2.7,0.71,0.93,0.09,0.18,2.34,5.17,8.66
0,2016,109,9.76,1.84,8.84,3.61,1.43,0.2,0.04,0.02,0.17,8.02,2.88,8.33
0,2017,109,22.84,17.66,5.39,7.64,0.89,0.42,0.01,0.56,1.26,0.61,6.87,0.43
0,2018,109,4.59,1.07,15.31,4.33,0.91,0.0,0.23,0.06,0.09,0.79,7.35,2.67
0,2019,109,8.22,16.31,8.2,1.64,5.66,0.28,0.23,0.0,0.57,0.02,2.23,8.76
0,2020,109,1.91,0.12,5.88,4.14,2.32,0.27,0.12,0.13,0.17,0.03,2.34,3.64
0,2021,109,7.48,2.26,3.25,0.85,0.49,0.68,0.54,0.18,0.09,7.66,1.14,12.98
0,2022,109,0.06,0.44,1.47,3.67,0.29,0.3,0.03,0.7,1.78,0.14,3.54,-9.99
0,2015,111,1.97,0.88,0.69,0.32,0.61,0.19,0.29,0.0,0.53,0.29,0.27,0.78
0,2016,111,4.78,1.2,2.78,0.56,0.31,0.0,0.0,0.0,0.0,0.71,1.15,4.65
0,2017,111,10.18,9.24,0.64,0.24,0.22,0.01,0.0,0.1,0.12,0.02,0.13,0.01
0,2018,111,2.87,0.21,6.34,0.1,0.15,0.01,0.0,0.0,0.0,0.22,1.87,2.47
0,2019,111,8.17,7.38,4.12,0.11,1.86,0.04,0.0,0.0,0.01,0.0,2.82,6.5
0,2020,111,0.51,0.12,5.25,4.22,0.14,0.03,0.0,0.0,0.0,0.01,0.16,1.66
0,2021,111,2.4,0.04,1.12,0.05,0.01,0.0,0.01,0.01,0.0,1.29,0.01,11.99
0,2022,111,0.3,0.09,1.91,0.34,0.01,0.02,0.0,0.0,0.38,0.06,1.65,-9.99
0,2015,113,0.06,3.2,0.17,1.31,0.1,0.04,0.02,0.01,0.06,0.18,1.83,2.21
0,2016,113,5.95,0.69,6.69,0.75,0.55,0.01,0.0,0.0,0.0,2.93,1.65,3.7
0,2017,113,12.72,9.34,2.77,2.9,0.1,0.29,0.0,0.0,0.01,0.19,2.33,0.09
0,2018,113,4.36,0.35,4.91,2.08,0.18,0.0,0.01,0.0,0.01,0.22,3.29,2.43
0,2019,113,6.44,10.76,4.84,0.45,3.1,0.0,0.0,0.0,0.26,0.0,0.54,6.75
0,2020,113,1.45,0.0,1.24,0.89,0.62,0.0,0.0,0.04,0.0,0.0,0.59,1.53
0,2021,113,3.12,0.99,1.29,0.07,0.0,0.0,0.0,0.0,0.05,5.24,0.91,7.24
0,2022,113,0.27,0.01,1.0,0.84,0.04,0.26,0.0,0.0,1.01,0.0,1.19,-9.99
0,2015,115,0.08,4.42,0.48,2.75,0.17,0.07,0.03,0.03,0.14,0.49,3.75,7.11
0,2016,115,11.66,1.67,12.28,1.44,0.88,0.09,0.0,0.0,0.01,7.42,3.6,7.68
0,2017,115,17.58,16.43,4.78,6.06,0.3,0.56,0.0,0.01,0.19,0.6,8.01,0.49
0,2018,115,6.85,1.1,10.51,4.58,0.34,0.02,0.0,0.0,0.0,0.65,5.62,3.99
0,2019,115,9.52,17.61,7.07,2.26,4.51,0.21,0.0,0.0,1.22,0.05,1.72,7.98
0,2020,115,3.51,0.12,3.93,2.37,2.45,0.1,0.0,0.05,0.0,0.0,2.64,2.85
0,2021,115,4.48,2.87,3.31,0.31,0.08,0.02,0.01,0.0,0.42,8.7,1.81,10.7
0,2022,115,0.7,0.09,1.25,3.69,0.24,0.84,0.0,0.03,1.28,0.01,2.55,-9.99
