,date,county 1 precip,county 3 precip,county 5 precip,county 7 precip,county 9 precip,county 11 precip,county 13 precip,county 15 precip,county 17 precip,county 19 precip,county 21 precip,county 23 precip,county 25 precip,county 27 precip,county 29 precip,county 31 precip,county 33 precip,county 35 precip,county 37 precip,county 39 precip,county 41 precip,county 43 precip,county 45 precip,county 47 precip,county 49 precip,county 51 precip,county 53 precip,county 55 precip,county 57 precip,county 59 precip,county 61 precip,county 63 precip,county 65 precip,county 67 precip,county 69 precip,county 71 precip,county 73 precip,county 75 precip,county 77 precip,county 79 precip,county 81 precip,county 83 precip,county 85 precip,county 87 precip,county 89 precip,county 91 precip,county 93 precip,county 95 precip,county 97 precip,county 99 precip,county 101 precip,county 103 precip,county 105 precip,county 107 precip,county 109 precip,county 111 precip,county 113 precip,county 115 precip,mean precip,date_idx
0,201501,0.01,0.22,0.14,0.21,0.13,0.18,0.01,3.49,0.12,0.19,0.11,2.13,0.36,0.64,0.81,0.17,0.46,0.13,1.39,0.16,0.05,0.13,1.04,0.02,0.39,0.18,0.1,0.06,0.11,0.84,0.12,0.15,0.75,0.02,0.04,1.01,0.6,0.0,0.01,0.35,0.01,0.95,0.01,0.0,0.67,0.11,1.67,0.02,0.19,0.02,0.1,0.25,1.79,0.47,0.14,1.97,0.06,0.08,0.440344827586207,1
1,201502,2.25,5.53,5.36,4.58,5.26,3.66,2.34,11.17,6.96,1.89,3.84,10.79,0.05,0.48,0.86,0.72,6.44,2.57,0.78,1.82,3.53,2.46,7.23,1.2,1.66,1.5,2.19,4.33,6.73,0.58,6.73,5.64,0.37,2.59,1.54,0.52,0.75,2.11,1.68,1.87,3.26,0.7,2.87,3.65,6.57,6.91,7.72,2.54,5.47,1.96,2.49,4.29,11.74,2.29,5.12,0.88,3.2,4.42,3.597241379310344,2
2,201503,0.26,0.62,0.83,0.58,0.64,0.54,0.26,5.65,0.87,0.28,0.21,3.68,0.63,0.23,0.31,0.25,0.55,0.57,0.64,0.25,0.26,0.38,1.28,0.21,1.06,0.28,0.29,0.19,0.9,0.65,0.75,0.83,0.92,0.25,0.33,0.5,1.18,0.13,0.25,0.19,0.26,0.31,0.4,0.52,1.5,0.88,2.5,0.17,0.28,0.23,0.17,1.04,2.53,0.43,0.68,0.69,0.17,0.48,0.7227586206896551,3
3,201504,1.15,2.52,3.09,2.24,2.64,1.78,1.09,4.36,3.41,1.01,1.7,3.29,0.02,0.06,0.21,0.48,2.52,0.91,0.23,1.69,1.88,2.11,3.08,0.66,0.77,0.77,1.24,1.63,3.29,0.22,3.23,1.86,0.2,1.94,0.95,0.19,0.31,1.54,1.04,0.72,1.51,0.37,1.28,1.85,1.64,2.6,1.15,1.18,2.07,0.77,1.52,1.76,2.03,0.87,3.29,0.32,1.31,2.75,1.5568965517241375,4
4,201505,0.37,2.99,1.39,0.29,1.18,0.08,0.2,0.68,1.96,1.02,0.25,0.38,0.32,0.73,0.5,0.28,0.21,2.72,0.72,0.91,0.12,1.26,0.27,0.34,2.72,2.97,0.39,0.15,1.46,1.01,1.93,1.89,0.58,0.17,0.68,0.23,1.39,0.11,0.15,0.18,0.28,0.33,0.57,0.29,1.5,2.09,2.09,0.09,0.18,0.23,0.03,0.61,1.23,1.76,2.7,0.61,0.1,0.17,0.8627586206896551,5
5,201506,0.27,1.0,0.27,0.22,0.2,0.02,0.27,0.45,0.85,0.18,0.07,0.17,0.06,0.1,0.05,0.03,0.08,0.74,0.04,0.14,0.27,0.23,0.07,0.0,0.54,0.88,0.05,0.11,0.63,0.02,0.77,0.65,0.05,0.1,0.02,0.06,0.09,0.23,0.1,0.07,0.19,0.21,0.07,0.06,0.57,0.76,0.52,0.15,0.18,0.02,0.03,0.33,0.58,0.09,0.71,0.19,0.04,0.07,0.2572413793103448,6
6,201507,0.01,1.81,0.18,0.06,0.08,0.12,0.02,0.64,0.43,0.56,0.18,0.38,0.37,1.12,0.5,0.08,0.17,1.36,0.36,0.51,0.07,0.66,0.24,0.01,1.32,1.66,0.13,0.06,0.46,0.19,0.3,0.94,0.75,0.01,0.03,1.2,0.72,0.06,0.01,0.13,0.05,0.14,0.02,0.06,0.46,0.99,1.03,0.02,0.08,0.01,0.01,0.18,0.76,1.04,0.93,0.29,0.02,0.03,0.4139655172413793,7
7,201508,0.02,0.23,0.02,0.07,0.01,0.06,0.01,0.86,0.05,0.02,0.02,0.47,0.02,0.07,0.0,0.01,0.15,0.05,0.01,0.02,0.03,0.02,0.25,0.03,0.12,0.24,0.04,0.01,0.1,0.01,0.06,0.12,0.06,0.02,0.06,0.1,0.05,0.02,0.04,0.0,0.01,0.0,0.1,0.06,0.03,0.18,0.15,0.01,0.06,0.01,0.01,0.04,0.15,0.0,0.09,0.0,0.01,0.03,0.0774137931034482,8
8,201509,0.04,0.39,0.07,0.27,0.04,0.1,0.04,1.05,0.11,0.16,0.23,0.62,0.1,0.04,0.18,0.01,0.72,0.31,1.0,0.28,0.27,0.13,0.93,0.01,0.62,0.29,0.04,0.28,0.19,0.96,0.15,0.27,0.4,0.02,0.03,0.33,0.91,0.08,0.01,0.05,0.04,0.1,0.01,0.02,0.71,0.24,0.48,0.05,0.62,0.01,0.04,0.4,0.76,0.12,0.18,0.53,0.06,0.14,0.2799999999999999,9
9,201510,0.08,2.4,1.89,0.64,1.8,0.07,0.07,2.04,2.07,1.16,0.11,1.1,0.17,1.44,0.58,0.58,0.26,1.08,0.6,1.22,0.06,1.72,0.3,0.42,0.91,1.43,0.43,0.21,1.64,0.38,1.83,1.73,0.76,0.3,0.52,0.9,0.63,0.02,0.22,0.14,0.1,0.18,0.28,0.1,0.88,1.81,0.86,0.21,0.18,0.39,0.08,0.62,0.92,2.45,2.34,0.29,0.18,0.49,0.7977586206896554,10
10,201511,2.41,4.68,5.26,3.8,5.26,2.16,1.86,8.15,5.25,2.55,1.54,5.43,0.04,0.16,0.76,0.79,2.42,2.23,0.29,3.05,1.84,4.23,3.54,2.34,1.64,1.85,3.07,1.68,5.11,0.26,4.98,3.96,0.15,1.92,3.39,0.23,0.88,1.66,1.96,1.36,2.42,0.73,3.33,3.77,2.54,4.64,2.22,1.59,2.01,2.51,2.36,2.64,2.69,2.41,5.17,0.27,1.83,3.75,2.603793103448276,11
11,201512,3.52,7.97,8.16,7.78,8.02,3.15,3.11,30.81,10.41,3.21,4.1,22.11,0.07,0.1,0.8,1.18,11.38,4.56,1.05,4.37,7.55,6.67,17.19,1.74,5.1,2.03,3.27,5.17,11.46,0.79,10.15,8.19,0.44,2.22,2.53,0.27,1.57,5.19,2.22,1.59,5.94,1.03,4.79,6.64,10.58,9.88,11.95,2.71,10.11,2.47,2.03,7.4,18.03,3.34,8.66,0.78,2.21,7.11,5.980344827586205,12
12,201601,5.65,8.29,9.96,14.46,9.56,6.5,6.44,19.64,11.92,5.47,8.9,19.71,0.94,1.02,2.49,2.39,14.73,5.09,3.47,6.12,10.73,8.08,16.86,4.66,3.95,2.71,6.92,9.59,14.36,2.54,12.37,11.63,2.32,5.86,5.78,1.49,4.03,7.46,4.86,5.29,8.05,5.22,7.73,11.48,13.62,12.28,10.96,6.71,12.73,5.05,5.42,12.23,19.74,4.99,9.76,4.78,5.95,11.66,8.148275862068967,13
13,201602,0.84,1.82,1.61,1.94,1.4,0.83,0.8,5.76,2.18,1.2,0.7,4.29,0.01,0.56,0.7,0.35,2.02,1.07,0.84,1.13,1.17,1.39,2.85,0.42,0.89,1.01,1.1,1.15,2.29,0.39,2.12,2.35,0.17,0.89,0.74,0.25,0.4,1.03,0.68,0.63,1.23,0.91,1.24,1.16,2.58,2.38,3.01,0.62,1.33,0.63,0.72,1.6,3.28,1.95,1.84,1.2,0.69,1.67,1.3794827586206897,14
14,201603,5.25,6.74,7.88,12.92,8.43,6.61,5.64,13.98,10.64,3.34,7.06,14.58,0.01,0.29,1.09,1.18,14.0,3.62,1.93,4.57,9.7,7.28,15.39,3.06,2.8,1.88,4.83,9.62,14.62,1.21,12.08,11.99,0.37,5.22,4.14,0.34,1.16,7.2,3.75,3.38,8.73,2.95,7.73,10.33,11.39,13.34,9.13,5.91,12.23,4.07,6.8,9.8,14.97,3.17,8.84,2.78,6.69,12.28,6.9124137931034495,15
15,201604,1.94,3.1,3.38,1.92,3.09,0.79,1.65,4.37,3.9,1.94,0.88,3.52,0.26,0.98,0.92,0.48,1.35,1.79,0.43,2.53,1.51,3.31,2.04,1.79,1.3,1.98,0.77,1.31,3.18,0.29,3.4,2.68,0.74,1.51,1.29,0.83,0.84,1.48,2.15,0.42,2.15,0.63,2.14,1.68,2.01,3.17,2.06,1.0,1.57,1.94,0.59,2.07,2.92,1.75,3.61,0.56,0.75,1.44,1.7944827586206902,16
16,201605,0.24,1.67,0.87,0.99,0.58,0.8,0.22,1.34,1.8,0.64,1.19,1.41,0.05,0.26,0.3,0.24,0.93,2.05,0.31,0.63,0.22,0.8,1.12,0.39,2.12,1.25,0.24,0.36,2.09,0.25,2.18,2.34,0.13,0.48,0.28,0.15,0.5,0.16,0.29,0.18,0.19,0.35,0.36,0.25,2.2,2.49,1.56,0.33,0.39,0.33,0.47,1.47,1.59,0.68,1.43,0.31,0.55,0.88,0.8255172413793105,17
17,201606,0.0,0.05,0.01,0.52,0.01,0.13,0.0,0.61,0.03,0.25,0.45,0.3,0.0,0.27,0.0,0.03,0.26,0.56,0.01,0.23,0.03,0.18,0.46,0.0,0.85,0.6,0.01,0.01,0.15,0.02,0.08,0.62,0.0,0.0,0.0,0.03,0.0,0.01,0.0,0.0,0.01,0.0,0.0,0.0,1.67,0.25,1.15,0.0,0.15,0.0,0.01,1.21,0.89,0.15,0.2,0.0,0.01,0.09,0.216551724137931,18
18,201607,0.0,0.01,0.0,0.0,0.0,0.0,0.0,0.71,0.0,0.0,0.0,0.31,0.08,0.11,0.0,0.0,0.0,0.02,0.0,0.02,0.0,0.01,0.01,0.0,0.11,0.21,0.0,0.0,0.0,0.0,0.0,0.0,0.04,0.0,0.0,0.16,0.0,0.02,0.0,0.0,0.02,0.0,0.01,0.02,0.01,0.0,0.2,0.0,0.0,0.0,0.0,0.01,0.05,0.0,0.04,0.0,0.0,0.0,0.0375862068965517,19
19,201608,0.0,0.12,0.02,0.0,0.0,0.0,0.0,0.0,0.05,0.02,0.0,0.01,0.03,0.04,0.0,0.0,0.0,0.04,0.0,0.01,0.01,0.0,0.01,0.0,0.02,0.05,0.0,0.0,0.04,0.0,0.04,0.05,0.08,0.0,0.01,0.3,0.0,0.01,0.0,0.0,0.01,0.0,0.02,0.03,0.01,0.08,0.01,0.0,0.01,0.0,0.0,0.0,0.01,0.03,0.02,0.0,0.0,0.0,0.0205172413793103,20
20,201609,0.0,0.32,0.05,0.01,0.03,0.0,0.0,0.06,0.09,0.07,0.0,0.04,0.2,0.02,0.0,0.0,0.0,0.04,0.01,0.08,0.0,0.05,0.02,0.0,0.07,0.28,0.0,0.0,0.04,0.04,0.06,0.08,0.49,0.0,0.0,0.18,0.7,0.0,0.0,0.0,0.0,0.0,0.0,0.01,0.01,0.05,0.08,0.0,0.0,0.0,0.0,0.02,0.02,0.0,0.17,0.0,0.0,0.01,0.0586206896551724,21
21,201610,3.65,8.87,7.44,9.1,7.31,2.73,3.05,22.7,10.29,1.78,2.94,15.75,0.06,0.31,0.42,0.74,7.48,3.71,0.48,2.44,6.33,4.5,9.32,1.63,2.61,2.53,2.31,5.39,12.31,0.63,10.95,8.86,0.37,3.91,2.0,0.53,0.17,3.63,2.86,1.74,4.78,1.11,3.96,5.4,9.56,11.85,10.35,2.94,8.13,2.54,2.65,7.15,14.03,1.29,8.02,0.71,2.93,7.42,5.149137931034481,22
22,201611,1.48,1.93,3.49,4.22,3.69,3.12,1.39,11.84,4.01,1.4,3.0,8.89,0.03,0.18,0.73,0.87,5.18,1.56,1.08,1.71,4.04,2.28,7.65,0.8,1.19,0.46,1.95,2.74,5.48,1.2,4.25,3.76,0.52,1.57,1.52,0.24,1.17,2.31,1.43,1.67,2.51,1.51,2.26,3.05,5.82,4.13,3.98,1.55,5.1,1.2,1.59,5.1,7.35,1.07,2.88,1.15,1.65,3.6,2.785,23
23,201612,3.5,6.71,6.3,9.88,6.39,3.98,3.36,16.58,8.23,3.49,4.49,11.05,1.39,0.87,2.56,1.33,9.39,4.08,4.03,4.61,7.07,6.82,10.19,1.71,3.26,2.26,2.73,5.84,11.22,4.35,9.75,8.39,2.81,3.23,1.89,2.1,4.2,5.54,2.31,2.75,5.4,3.31,4.19,7.03,8.33,10.55,6.44,3.8,7.92,2.28,3.14,7.33,10.07,4.65,8.33,4.65,3.7,7.68,5.507586206896549,24
24,201701,9.38,22.13,18.68,16.25,17.72,10.07,10.68,19.87,24.56,12.17,10.5,18.42,1.11,3.87,5.12,3.74,22.13,7.83,7.83,11.94,17.01,14.89,20.27,5.81,4.59,10.09,12.07,17.81,26.44,8.31,25.03,20.55,4.09,10.18,9.17,2.91,5.78,10.63,7.4,10.07,13.98,8.75,12.68,19.27,14.71,25.17,10.61,12.48,19.58,6.98,9.03,11.81,18.3,12.91,22.84,10.18,12.72,17.58,13.04620689655172,25
25,201702,7.41,15.58,16.23,15.79,15.63,8.79,7.61,22.11,20.83,7.34,9.55,20.69,0.94,1.89,3.05,2.57,17.09,7.03,4.64,8.14,13.84,11.57,17.66,3.73,4.44,5.85,7.6,13.0,23.27,3.92,21.21,19.04,2.23,8.19,5.06,1.3,4.78,9.26,5.52,6.91,10.91,9.26,9.68,14.61,13.88,22.8,11.9,9.13,15.74,4.92,7.47,11.25,18.77,7.37,17.66,9.24,9.34,16.43,10.718103448275862,26
26,201703,2.65,4.79,4.71,5.65,4.18,2.32,2.73,13.67,5.6,1.67,2.52,10.95,0.04,0.06,0.45,0.61,4.67,2.41,0.28,2.34,4.45,4.14,6.24,1.39,2.19,1.64,2.01,3.64,6.55,0.13,6.08,5.73,0.06,2.66,1.68,0.04,0.19,4.12,2.01,1.44,4.0,0.95,3.23,5.03,6.09,6.05,5.29,3.05,4.38,1.8,2.63,4.12,7.92,1.63,5.39,0.64,2.77,4.78,3.421379310344828,27
27,201704,2.5,6.95,5.82,6.4,5.63,2.48,2.57,11.46,7.45,3.01,2.67,8.43,0.0,0.56,0.25,0.7,5.61,3.78,0.11,3.25,4.65,4.76,5.88,1.02,2.51,2.88,1.74,3.68,9.37,0.07,7.91,8.73,0.01,3.4,1.22,0.02,0.01,2.9,2.15,1.45,3.28,0.58,2.79,4.06,6.67,9.47,4.81,2.86,5.3,1.55,2.62,5.04,8.72,2.35,7.64,0.24,2.9,6.06,3.809137931034484,28
28,201705,0.03,1.44,0.74,0.38,0.54,0.07,0.03,2.31,1.08,0.51,0.09,1.4,0.12,0.39,0.18,0.34,0.03,0.53,0.36,0.33,0.07,0.45,0.27,0.12,0.62,0.94,0.11,0.03,0.8,0.39,1.08,0.62,0.22,0.12,0.11,0.19,1.15,0.01,0.08,0.36,0.01,0.39,0.06,0.05,0.48,1.02,0.76,0.05,0.06,0.12,0.14,0.47,0.57,0.56,0.89,0.22,0.1,0.3,0.4291379310344827,29
29,201706,0.04,0.7,0.69,0.92,0.39,0.63,0.08,1.64,0.56,0.09,0.17,0.79,0.0,0.01,0.01,0.01,0.28,0.66,0.03,0.14,0.3,0.29,0.26,0.02,0.96,0.12,0.05,0.38,0.65,0.0,0.56,0.61,0.0,0.19,0.03,0.0,0.01,0.19,0.06,0.0,0.09,0.0,0.08,0.09,0.77,0.64,0.89,0.26,0.42,0.02,0.47,0.47,1.04,0.14,0.42,0.01,0.29,0.56,0.3306896551724137,30
30,201707,0.0,0.04,0.0,0.0,0.0,0.0,0.0,0.0,0.01,0.01,0.0,0.05,0.23,0.12,0.01,0.0,0.0,0.16,0.01,0.0,0.0,0.0,0.01,0.0,0.42,0.19,0.03,0.0,0.01,0.01,0.01,0.03,0.1,0.0,0.02,0.35,0.1,0.0,0.0,0.0,0.0,0.01,0.0,0.0,0.0,0.04,0.06,0.0,0.0,0.0,0.0,0.0,0.01,0.02,0.01,0.0,0.0,0.0,0.0356896551724137,31
31,201708,0.01,1.34,0.14,0.01,0.04,0.0,0.01,0.1,0.2,0.23,0.0,0.36,0.18,0.31,0.05,0.0,0.0,0.79,0.09,0.44,0.0,0.5,0.01,0.0,0.49,0.91,0.02,0.0,0.2,0.18,0.27,0.36,0.57,0.0,0.01,0.36,0.49,0.01,0.02,0.01,0.01,0.01,0.0,0.01,0.11,0.34,0.46,0.01,0.01,0.0,0.0,0.05,0.25,0.33,0.56,0.1,0.0,0.01,0.1891379310344827,32
32,201709,0.06,2.39,0.41,0.41,0.18,0.03,0.03,1.42,0.95,0.45,0.07,0.97,0.2,0.31,0.32,0.07,0.04,0.5,0.24,0.78,0.1,0.91,0.21,0.03,0.52,0.91,0.07,0.04,0.89,0.1,0.91,1.04,0.64,0.01,0.02,0.39,0.19,0.27,0.01,0.26,0.15,0.44,0.1,0.09,0.44,1.27,0.45,0.02,0.13,0.03,0.01,0.33,0.85,0.58,1.26,0.12,0.01,0.19,0.4106896551724139,33
33,201710,0.21,0.57,0.53,0.7,0.54,0.24,0.25,2.75,0.78,0.15,0.34,1.87,0.0,0.0,0.01,0.03,0.42,0.58,0.02,0.21,0.24,0.4,0.86,0.12,0.73,0.17,0.15,0.21,0.95,0.0,0.85,0.76,0.0,0.2,0.09,0.0,0.02,0.28,0.14,0.07,0.37,0.03,0.22,0.21,0.81,0.87,1.07,0.17,0.44,0.12,0.29,0.78,1.28,0.05,0.61,0.02,0.19,0.6,0.4236206896551725,34
34,201711,2.58,7.7,7.35,9.49,6.24,2.77,2.73,13.35,10.63,1.43,2.62,10.53,0.0,0.15,0.2,0.1,6.45,3.73,0.07,2.03,5.1,3.79,8.68,0.7,3.13,2.59,1.04,4.4,12.54,0.05,11.12,9.98,0.02,2.76,0.6,0.0,0.03,3.77,1.58,0.25,3.86,0.08,2.55,4.05,8.48,11.69,6.23,2.48,6.51,1.21,2.65,6.19,9.18,1.28,6.87,0.13,2.33,8.01,4.24241379310345,35
35,201712,0.1,0.61,0.64,0.41,0.46,0.04,0.12,3.88,0.87,0.1,0.03,2.26,0.0,0.01,0.03,0.04,0.27,0.47,0.01,0.16,0.09,0.29,0.69,0.08,0.52,0.16,0.13,0.11,0.92,0.04,0.81,0.89,0.0,0.16,0.1,0.0,0.04,0.15,0.11,0.07,0.13,0.02,0.14,0.16,0.51,0.84,1.09,0.06,0.19,0.07,0.1,0.33,0.87,0.11,0.43,0.01,0.09,0.49,0.3708620689655172,36
36,201801,4.28,3.65,5.62,6.19,5.28,3.94,4.02,13.33,6.61,2.1,3.64,11.12,0.17,0.91,1.53,1.08,8.1,2.65,2.12,2.56,6.77,3.75,9.85,2.2,2.01,1.06,3.93,5.5,8.09,1.7,7.27,5.8,1.29,4.47,3.34,1.12,2.55,5.61,3.12,2.47,6.24,2.75,4.74,6.08,5.62,6.15,4.34,3.98,7.92,2.89,4.38,5.24,7.62,1.92,4.59,2.87,4.36,6.85,4.471379310344829,37
37,201802,0.57,1.56,1.0,0.62,0.83,0.19,0.6,2.9,1.31,0.49,0.08,3.08,0.03,0.13,0.35,0.17,0.56,0.48,0.37,0.59,0.37,0.91,0.89,0.37,0.95,0.48,0.35,0.31,1.35,0.32,1.36,0.89,0.18,0.54,0.29,0.12,0.64,0.4,0.62,0.24,0.47,0.18,0.51,0.36,0.41,1.77,1.22,0.29,0.59,0.49,0.43,0.32,1.34,0.77,1.07,0.21,0.35,1.1,0.6787931034482761,38
38,201803,4.39,12.57,12.02,10.05,11.27,3.72,4.97,13.42,15.07,7.01,3.4,11.26,0.05,1.16,2.67,2.26,7.41,3.44,3.8,8.71,8.32,11.99,8.64,3.1,2.71,4.66,6.84,7.12,15.52,1.81,15.13,11.55,0.84,5.24,5.2,0.92,1.74,5.38,3.01,6.82,6.01,5.45,6.01,8.63,7.9,13.82,5.58,4.93,7.9,3.27,4.96,6.71,8.57,7.32,15.31,6.34,4.91,10.51,6.884827586206894,39
39,201804,2.44,3.18,4.16,5.39,4.16,2.82,2.39,7.41,4.76,1.71,3.33,6.23,0.03,0.25,0.31,0.34,5.53,3.69,0.06,2.18,5.04,3.4,7.38,1.06,3.1,1.45,1.24,3.1,5.49,0.03,5.05,4.47,0.0,2.67,1.04,0.0,0.03,4.12,2.13,0.33,3.13,0.19,2.68,3.17,5.39,4.53,3.66,2.3,6.49,1.77,2.37,5.36,6.18,1.62,4.33,0.1,2.08,4.58,2.9556896551724154,40
40,201805,0.02,1.68,0.87,0.52,0.54,0.16,0.03,0.72,1.68,0.26,0.27,1.19,0.0,0.24,0.11,0.0,0.24,2.79,0.17,0.37,0.13,0.55,0.42,0.07,2.65,1.24,0.06,0.15,2.13,0.13,2.13,2.36,0.07,0.4,0.02,0.25,0.16,0.05,0.15,0.02,0.11,0.14,0.06,0.08,1.57,2.84,1.97,0.06,0.3,0.12,0.13,0.93,2.08,0.37,0.91,0.15,0.18,0.34,0.6437931034482756,41
41,201806,0.0,0.02,0.01,0.02,0.0,0.0,0.0,1.34,0.02,0.0,0.01,0.42,0.0,0.0,0.0,0.0,0.01,0.32,0.0,0.0,0.0,0.0,0.1,0.0,0.44,0.01,0.0,0.0,0.14,0.0,0.06,0.33,0.0,0.0,0.0,0.0,0.0,0.0,0.0,0.0,0.01,0.01,0.0,0.02,0.12,0.31,0.34,0.0,0.0,0.0,0.0,0.17,0.14,0.0,0.0,0.01,0.0,0.02,0.0758620689655172,42
42,201807,0.0,0.7,0.04,0.01,0.02,0.0,0.0,0.01,0.11,0.25,0.0,0.02,0.12,0.67,0.08,0.0,0.0,0.07,0.01,0.11,0.0,0.06,0.01,0.0,0.14,1.61,0.01,0.01,0.07,0.01,0.09,0.07,0.27,0.0,0.01,0.51,0.18,0.0,0.0,0.0,0.01,0.0,0.01,0.02,0.05,0.28,0.29,0.01,0.0,0.0,0.0,0.01,0.15,0.28,0.23,0.0,0.01,0.0,0.1141379310344827,43
43,201808,0.0,0.11,0.02,0.0,0.0,0.0,0.0,0.0,0.02,0.0,0.0,0.02,0.11,0.02,0.0,0.0,0.0,0.01,0.0,0.01,0.02,0.01,0.01,0.0,0.02,0.15,0.0,0.0,0.0,0.0,0.01,0.0,0.22,0.0,0.0,0.15,0.02,0.01,0.0,0.0,0.0,0.0,0.0,0.0,0.0,0.0,0.0,0.0,0.01,0.0,0.0,0.0,0.0,0.0,0.06,0.0,0.0,0.0,0.0174137931034482,44
44,201809,0.0,0.1,0.01,0.0,0.01,0.02,0.0,0.24,0.02,0.02,0.03,0.56,0.21,0.03,0.0,0.0,0.16,0.0,0.0,0.05,0.02,0.08,0.22,0.0,0.06,0.09,0.0,0.04,0.02,0.0,0.02,0.0,0.01,0.0,0.0,0.01,0.0,0.03,0.0,0.0,0.01,0.0,0.0,0.0,0.05,0.02,0.21,0.0,0.12,0.0,0.0,0.01,0.24,0.0,0.09,0.0,0.01,0.0,0.0486206896551723,45
45,201810,0.14,0.76,0.6,0.99,0.66,0.68,0.22,1.85,0.91,0.49,1.06,1.29,0.4,0.33,0.06,0.08,1.41,1.08,0.4,0.5,1.29,0.87,1.59,0.05,1.25,0.51,0.27,0.78,0.89,0.85,0.9,0.87,1.21,0.21,0.17,0.81,0.51,0.31,0.59,0.39,0.12,0.54,0.1,0.08,1.19,0.74,0.97,0.2,1.54,0.16,0.24,0.9,0.81,0.71,0.79,0.22,0.22,0.65,0.6622413793103449,46
46,201811,2.71,5.16,6.51,6.08,7.1,3.61,3.09,5.15,5.81,3.28,4.45,6.96,0.02,0.41,0.82,1.27,5.89,1.98,1.45,4.2,5.19,6.12,6.32,2.28,1.82,2.07,3.96,4.43,7.25,1.37,6.3,4.39,0.49,2.99,3.51,0.36,1.59,4.22,2.51,3.0,4.06,2.29,4.09,5.08,6.0,5.56,3.36,3.32,6.08,2.84,2.57,5.8,6.95,2.16,7.35,1.87,3.29,5.62,3.8691379310344822,47
47,201812,2.02,2.71,3.18,4.64,2.76,2.94,2.2,8.09,3.97,1.26,2.68,6.47,0.93,0.37,1.1,0.41,5.06,2.37,2.41,1.44,3.34,2.43,6.29,1.37,2.14,0.75,2.55,3.12,4.41,2.57,4.1,4.63,1.24,2.43,2.2,0.86,2.27,2.38,2.22,1.13,2.56,1.17,2.9,3.81,5.83,3.25,4.29,2.25,5.07,2.03,2.53,5.13,5.68,1.2,2.67,2.47,2.43,3.99,2.908620689655172,48
48,201901,3.73,8.17,8.17,12.01,7.7,6.09,4.66,13.57,10.66,4.01,7.86,12.3,0.65,1.64,2.8,1.66,11.76,4.32,5.64,4.9,7.95,6.52,11.31,2.3,3.18,3.19,5.09,8.69,12.94,5.07,11.64,11.38,2.03,4.53,3.51,1.87,2.92,5.57,2.73,5.58,6.54,7.52,5.45,8.87,9.06,12.0,6.39,5.94,9.67,2.89,5.22,9.32,11.37,4.55,8.22,8.17,6.44,9.52,6.68,49
49,201902,6.83,15.25,14.48,19.53,14.16,11.1,7.21,21.02,19.5,7.15,14.32,22.52,0.59,2.2,2.95,2.21,20.47,6.4,6.38,6.9,15.07,11.35,20.92,3.59,4.27,6.02,8.85,14.41,21.56,6.3,20.49,17.35,4.4,8.31,6.75,2.9,7.34,9.46,5.05,6.38,10.48,6.68,9.47,12.83,14.17,19.94,11.59,8.8,19.45,4.82,9.07,14.32,20.41,8.13,16.31,7.38,10.76,17.61,11.106206896551726,50
50,201903,4.11,6.43,7.18,9.06,7.91,4.62,3.98,4.78,8.34,3.95,6.48,7.79,0.21,2.37,2.12,1.37,8.86,2.9,2.65,4.19,7.21,6.03,9.87,2.17,2.53,2.98,3.48,6.18,7.97,1.97,7.68,7.02,0.97,3.77,2.4,1.17,1.45,5.21,2.9,3.55,6.03,3.5,5.81,7.73,10.09,7.11,4.18,4.52,8.79,3.01,3.94,8.43,8.91,6.08,8.2,4.12,4.84,7.07,5.140862068965517,51
51,201904,0.47,1.74,2.14,2.64,1.83,0.43,0.39,10.27,2.81,0.63,0.49,4.03,0.07,0.17,0.24,0.29,1.9,2.15,0.14,0.86,1.13,1.18,2.22,0.12,2.64,0.36,0.38,0.96,3.29,0.13,2.71,2.79,0.11,0.76,0.37,0.18,0.29,0.47,0.59,0.17,0.87,0.18,0.74,0.87,4.1,3.19,3.5,0.34,2.4,0.35,0.57,1.99,5.2,0.84,1.64,0.11,0.45,2.26,1.4506896551724138,52
52,201905,2.25,3.12,5.69,5.13,5.4,2.57,1.93,4.92,5.76,3.52,2.79,4.57,0.05,1.12,1.26,1.36,5.15,3.1,1.19,3.63,3.56,4.72,5.34,1.37,2.79,2.24,1.99,3.48,5.76,0.85,5.48,4.94,0.47,3.33,1.44,0.52,1.27,2.51,2.15,1.47,2.96,1.59,2.77,3.52,5.23,5.11,3.27,2.39,4.67,1.89,3.07,4.37,4.29,3.31,5.66,1.86,3.1,4.51,3.168275862068965,53
53,201906,0.0,0.55,0.08,0.12,0.04,0.0,0.0,0.01,0.18,0.08,0.0,0.01,0.0,0.04,0.1,0.09,0.01,0.46,0.03,0.12,0.01,0.17,0.02,0.0,0.18,0.23,0.03,0.0,0.46,0.02,0.23,0.5,0.0,0.01,0.03,0.01,0.06,0.0,0.0,0.01,0.03,0.01,0.02,0.05,0.16,0.54,0.13,0.0,0.0,0.0,0.02,0.05,0.13,0.14,0.28,0.04,0.0,0.21,0.0982758620689654,54
54,201907,0.0,0.55,0.03,0.0,0.01,0.0,0.0,0.02,0.03,0.07,0.0,0.02,0.04,0.07,0.01,0.0,0.0,0.04,0.01,0.09,0.0,0.05,0.01,0.0,0.02,0.57,0.0,0.01,0.04,0.02,0.03,0.03,0.25,0.0,0.01,0.24,0.15,0.0,0.0,0.0,0.01,0.0,0.02,0.05,0.0,0.11,0.0,0.0,0.0,0.0,0.0,0.0,0.01,0.06,0.23,0.0,0.0,0.0,0.0501724137931034,55
55,201908,0.0,0.03,0.0,0.01,0.0,0.03,0.0,0.93,0.01,0.0,0.07,0.35,0.0,0.15,0.0,0.0,0.26,0.22,0.0,0.0,0.0,0.0,0.35,0.0,0.36,0.03,0.0,0.0,0.02,0.0,0.01,0.11,0.0,0.0,0.0,0.06,0.0,0.0,0.0,0.0,0.01,0.01,0.01,0.02,0.72,0.04,0.78,0.0,0.02,0.0,0.0,0.24,0.61,0.0,0.0,0.0,0.0,0.0,0.0941379310344827,56
56,201909,0.19,0.87,1.13,1.54,0.77,0.18,0.15,4.1,1.61,0.01,0.38,2.42,0.58,0.03,0.01,0.0,0.35,1.76,0.04,0.04,0.1,0.23,0.71,0.03,1.81,0.21,0.03,0.07,2.33,0.02,1.72,2.35,0.46,0.24,0.03,0.24,0.31,0.12,0.22,0.0,0.11,0.0,0.09,0.11,1.27,2.29,1.95,0.09,0.2,0.09,0.34,0.92,1.24,0.02,0.57,0.01,0.26,1.22,0.6581034482758622,57
57,201910,0.0,0.08,0.03,0.06,0.01,0.01,0.0,2.81,0.1,0.0,0.02,1.88,0.0,0.0,0.0,0.0,0.07,0.17,0.0,0.01,0.02,0.02,0.37,0.0,0.46,0.01,0.0,0.0,0.14,0.0,0.13,0.16,0.0,0.0,0.0,0.0,0.0,0.0,0.0,0.0,0.01,0.0,0.01,0.0,0.28,0.16,0.94,0.0,0.05,0.0,0.0,0.16,0.65,0.0,0.02,0.0,0.0,0.05,0.1532758620689655,58
58,201911,1.09,2.61,2.08,1.44,2.01,0.82,0.9,2.89,2.34,2.01,1.01,2.76,0.98,0.99,1.47,0.77,1.66,0.29,2.36,1.2,1.53,1.69,2.11,0.69,0.38,1.13,2.23,1.03,2.15,2.63,2.09,1.45,1.88,0.73,1.85,1.39,3.63,1.44,0.71,1.9,1.66,2.19,1.46,2.14,1.44,2.52,1.4,0.82,1.59,0.69,0.53,1.4,2.36,2.35,2.23,2.82,0.54,1.72,1.6237931034482755,59
59,201912,3.62,7.81,7.64,8.56,8.41,7.04,4.07,14.33,9.18,3.69,5.7,12.83,0.59,1.22,2.36,1.94,10.46,3.76,4.96,3.36,10.12,6.1,9.17,3.58,2.6,2.15,8.42,8.67,10.26,4.23,9.61,8.06,2.21,4.2,6.58,2.21,3.75,4.78,3.25,4.59,5.62,4.97,6.32,10.05,8.32,7.81,5.36,5.89,11.01,4.03,5.47,7.24,10.96,4.05,8.76,6.5,6.75,7.98,6.261379310344827,60
60,202001,1.55,1.86,2.4,4.06,2.11,1.6,1.54,18.37,3.5,0.7,1.72,11.7,0.02,0.05,0.31,0.55,5.04,2.27,0.24,0.92,3.56,1.36,7.39,0.67,3.53,0.48,1.25,2.71,4.42,0.23,3.79,3.55,0.1,1.28,1.16,0.03,0.37,2.45,1.05,0.61,2.4,0.63,2.19,2.78,5.45,3.66,6.37,1.41,3.92,0.93,1.45,3.47,7.66,0.8,1.91,0.51,1.45,3.51,2.6034482758620685,61
61,202002,0.0,0.25,0.06,0.04,0.03,0.0,0.0,1.86,0.11,0.23,0.0,1.1,0.46,0.25,0.14,0.01,0.02,0.07,0.14,0.1,0.0,0.1,0.08,0.0,0.3,0.13,0.02,0.01,0.16,0.34,0.13,0.05,0.25,0.0,0.02,0.23,0.71,0.0,0.0,0.01,0.0,0.03,0.0,0.02,0.03,0.23,0.43,0.0,0.01,0.0,0.01,0.02,0.28,0.35,0.12,0.12,0.0,0.12,0.1582758620689654,62
62,202003,2.61,5.28,7.1,3.53,6.77,0.88,1.91,3.96,7.53,3.39,1.07,3.81,1.78,1.24,2.39,2.07,2.22,2.06,4.9,3.37,2.16,4.52,2.81,2.09,2.22,1.81,4.06,1.5,6.71,3.84,6.63,4.55,3.67,2.03,3.65,2.39,4.75,2.28,2.0,4.2,2.68,4.93,4.32,3.49,5.73,5.82,2.09,1.42,1.81,2.48,1.27,3.96,3.92,3.89,5.88,5.25,1.24,3.93,3.445689655172414,63
63,202004,1.54,3.12,3.43,1.92,2.97,0.77,1.18,2.9,3.9,2.76,0.62,2.59,0.38,0.96,2.25,1.29,1.41,0.91,3.81,3.09,1.47,3.45,1.57,1.14,0.67,1.86,2.49,1.16,3.85,3.39,3.52,2.37,1.9,1.9,1.97,1.33,3.37,1.18,1.17,2.58,1.94,3.58,2.32,3.02,1.48,3.0,0.93,0.93,1.31,1.22,0.85,1.12,2.71,3.74,4.14,4.22,0.89,2.37,2.136379310344828,64
64,202005,0.62,1.43,2.24,3.64,1.94,1.16,0.53,7.3,2.58,0.53,1.57,6.03,0.0,0.05,0.13,0.06,2.58,1.48,0.16,0.67,1.24,1.83,2.64,0.22,1.7,0.35,0.38,1.39,3.13,0.09,2.5,3.23,0.01,0.59,0.3,0.01,0.08,0.62,0.47,0.18,0.7,0.08,0.88,0.99,4.16,3.07,3.38,0.57,2.04,0.31,0.78,3.06,4.42,0.75,2.32,0.14,0.62,2.45,1.4893103448275862,65
65,202006,0.0,0.66,0.15,0.22,0.07,0.02,0.0,1.0,0.27,0.04,0.12,0.52,0.0,0.07,0.05,0.0,0.02,0.39,0.01,0.11,0.0,0.1,0.07,0.0,0.78,0.31,0.01,0.0,0.26,0.05,0.27,0.35,0.02,0.01,0.0,0.0,0.11,0.0,0.0,0.01,0.02,0.02,0.01,0.02,0.31,0.33,0.71,0.0,0.0,0.01,0.02,0.29,0.49,0.04,0.27,0.03,0.0,0.1,0.1506896551724136,66
66,202007,0.0,0.57,0.03,0.01,0.01,0.0,0.0,0.01,0.05,0.0,0.0,0.03,0.0,0.0,0.0,0.0,0.0,0.1,0.0,0.02,0.01,0.02,0.01,0.0,0.06,0.21,0.01,0.0,0.1,0.0,0.06,0.28,0.0,0.0,0.01,0.0,0.0,0.03,0.0,0.0,0.01,0.0,0.0,0.02,0.07,0.2,0.36,0.0,0.01,0.0,0.0,0.02,0.35,0.0,0.12,0.0,0.0,0.0,0.048103448275862,67
67,202008,0.07,0.6,0.04,0.04,0.02,0.05,0.09,0.03,0.06,0.02,0.14,0.06,0.0,0.01,0.02,0.0,0.36,0.1,0.02,0.07,0.25,0.04,0.3,0.0,0.14,0.5,0.04,0.1,0.06,0.0,0.07,0.09,0.02,0.02,0.01,0.07,0.01,0.06,0.01,0.05,0.09,0.01,0.03,0.05,0.26,0.12,0.62,0.05,0.2,0.01,0.05,0.11,0.1,0.0,0.13,0.0,0.04,0.05,0.0958620689655172,68
68,202009,0.0,0.22,0.05,0.0,0.08,0.0,0.0,0.75,0.03,0.0,0.0,0.69,0.0,0.0,0.0,0.0,0.02,0.0,0.0,0.02,0.0,0.04,0.13,0.0,0.02,0.1,0.0,0.0,0.01,0.0,0.01,0.0,0.0,0.0,0.0,0.0,0.0,0.0,0.0,0.0,0.0,0.0,0.0,0.0,0.0,0.02,0.08,0.0,0.01,0.0,0.0,0.0,0.14,0.0,0.17,0.0,0.0,0.0,0.0446551724137931,69
69,202010,0.0,0.04,0.01,0.0,0.01,0.0,0.0,1.37,0.02,0.0,0.01,0.51,0.0,0.0,0.0,0.0,0.03,0.04,0.01,0.0,0.01,0.0,0.1,0.0,0.23,0.02,0.0,0.0,0.01,0.01,0.02,0.01,0.0,0.0,0.0,0.0,0.06,0.01,0.0,0.0,0.0,0.0,0.0,0.0,0.04,0.02,0.23,0.0,0.02,0.0,0.0,0.01,0.17,0.0,0.03,0.01,0.0,0.0,0.0527586206896551,70
70,202011,0.37,3.42,2.04,2.35,2.14,0.6,0.44,7.91,3.89,0.76,0.57,4.26,0.01,0.1,0.26,0.25,1.72,1.13,0.22,1.07,1.54,1.6,2.57,0.61,1.63,0.91,0.56,1.29,4.37,0.36,4.11,3.26,0.27,0.73,0.56,0.14,0.95,0.64,0.26,0.38,0.84,0.22,0.6,1.45,2.46,3.98,3.88,0.65,1.88,0.36,0.76,1.52,2.98,0.67,2.34,0.16,0.59,2.64,1.5212068965517245,71
71,202012,1.66,2.98,2.77,3.35,2.79,1.8,1.54,10.5,3.96,1.19,1.4,6.37,0.04,0.26,0.5,0.31,3.6,2.26,1.38,1.62,2.83,2.72,4.44,1.04,1.64,1.03,1.39,2.16,4.34,1.26,3.84,3.92,0.38,1.5,1.04,0.24,0.94,2.17,1.64,1.29,2.27,1.84,2.12,2.67,3.31,3.88,4.14,1.48,3.65,1.46,1.38,2.92,4.92,1.37,3.64,1.66,1.53,2.85,2.365172413793104,72
72,202101,3.15,6.12,6.55,5.03,7.38,2.93,2.54,19.43,6.35,3.97,3.4,11.38,1.24,0.66,1.27,2.36,6.07,2.64,2.0,4.19,4.1,5.03,7.81,3.52,1.6,2.42,7.68,4.3,6.71,1.87,5.65,4.82,1.33,2.85,5.66,0.85,2.36,3.2,3.06,6.16,3.89,5.63,4.71,7.42,5.55,5.47,5.55,2.96,5.44,3.81,2.19,4.46,9.14,3.06,7.48,2.4,3.12,4.48,4.593103448275863,73
73,202102,0.97,2.2,2.67,3.38,2.42,0.95,0.93,9.94,3.39,0.53,0.82,7.52,0.01,0.13,0.1,0.03,3.09,1.74,0.04,0.65,1.44,1.43,4.16,0.32,1.98,0.67,0.34,1.93,3.77,0.05,3.6,3.11,0.04,1.17,0.26,0.04,0.17,1.73,0.92,0.08,1.88,0.1,1.07,1.42,3.39,3.02,3.83,1.08,2.36,0.8,1.13,2.67,6.05,0.65,2.26,0.04,0.99,2.87,1.798793103448276,74
74,202103,1.36,2.98,3.28,4.22,3.25,1.52,1.12,7.03,3.56,2.01,1.91,5.85,0.06,0.28,0.76,0.78,3.29,1.5,1.07,1.73,2.18,2.29,3.76,0.88,1.02,0.92,1.71,2.19,3.71,1.52,3.45,3.3,0.61,1.31,1.41,0.3,2.33,1.85,0.98,1.17,1.94,1.23,2.04,2.84,3.4,3.18,2.61,1.24,3.07,1.1,1.49,3.41,4.22,1.81,3.25,1.12,1.29,3.31,2.189655172413793,75
75,202104,0.1,0.9,0.35,0.51,0.24,0.15,0.06,1.25,0.66,0.18,0.26,0.91,0.01,0.04,0.2,0.13,0.41,0.53,0.04,0.29,0.09,0.55,0.72,0.02,0.74,0.19,0.05,0.15,0.59,0.02,0.59,0.76,0.05,0.03,0.04,0.01,0.18,0.11,0.07,0.08,0.08,0.1,0.15,0.09,0.79,0.7,0.59,0.06,0.23,0.06,0.07,0.63,0.92,0.29,0.85,0.05,0.07,0.31,0.3155172413793103,76
76,202105,0.01,0.99,0.23,0.05,0.16,0.0,0.01,0.68,0.43,0.04,0.02,0.35,0.0,0.01,0.0,0.0,0.01,0.33,0.02,0.13,0.0,0.18,0.05,0.0,0.39,0.45,0.01,0.01,0.43,0.07,0.51,0.27,0.0,0.01,0.0,0.01,0.05,0.01,0.0,0.01,0.01,0.01,0.0,0.01,0.16,0.55,0.25,0.0,0.02,0.0,0.0,0.15,0.15,0.08,0.49,0.01,0.0,0.08,0.1362068965517241,77
77,202106,0.0,0.65,0.15,0.06,0.08,0.01,0.0,3.15,0.08,0.01,0.07,1.13,0.01,0.01,0.05,0.0,0.05,0.34,0.0,0.08,0.01,0.19,0.24,0.0,0.21,0.51,0.0,0.0,0.07,0.0,0.05,0.16,0.04,0.0,0.0,0.05,0.01,0.01,0.0,0.01,0.03,0.0,0.0,0.02,0.05,0.12,0.48,0.0,0.01,0.0,0.0,0.11,0.28,0.0,0.68,0.0,0.0,0.02,0.1601724137931033,78
78,202107,0.0,1.01,0.06,0.0,0.03,0.0,0.0,0.2,0.1,0.06,0.0,0.13,0.29,1.02,0.12,0.0,0.0,0.16,0.08,0.2,0.0,0.2,0.01,0.0,0.07,1.36,0.03,0.0,0.13,0.07,0.09,0.2,0.69,0.0,0.02,0.68,0.43,0.01,0.0,0.01,0.01,0.02,0.01,0.02,0.03,0.21,0.17,0.0,0.02,0.0,0.0,0.01,0.05,0.14,0.54,0.01,0.0,0.01,0.1501724137931034,79
79,202108,0.0,0.25,0.01,0.0,0.01,0.0,0.0,0.07,0.02,0.05,0.0,0.03,0.31,0.02,0.0,0.0,0.0,0.02,0.02,0.29,0.01,0.24,0.03,0.0,0.06,0.35,0.0,0.0,0.03,0.03,0.03,0.01,0.25,0.0,0.0,0.27,0.54,0.02,0.0,0.0,0.01,0.0,0.01,0.01,0.0,0.06,0.03,0.0,0.03,0.0,0.0,0.0,0.01,0.0,0.18,0.01,0.0,0.0,0.0572413793103448,80
80,202109,0.02,0.21,0.27,0.38,0.23,0.06,0.03,4.06,0.4,0.03,0.18,1.61,0.19,0.08,0.01,0.0,0.3,0.77,0.01,0.04,0.17,0.02,0.61,0.01,1.61,0.06,0.01,0.07,0.83,0.05,0.57,0.61,0.2,0.03,0.01,0.18,0.15,0.05,0.02,0.0,0.06,0.0,0.02,0.02,0.9,0.82,1.52,0.03,0.31,0.02,0.06,0.51,0.99,0.04,0.09,0.0,0.05,0.42,0.3448275862068964,81
81,202110,5.04,8.35,8.82,8.93,8.19,5.59,5.03,9.08,11.09,2.48,6.14,7.12,0.05,0.42,0.92,0.82,10.09,4.13,0.79,3.05,8.78,4.88,10.66,1.48,2.89,3.15,2.35,7.99,13.47,0.54,12.55,10.52,0.34,5.04,2.0,0.35,0.97,6.44,3.96,1.92,5.89,1.58,4.62,5.99,7.99,12.4,5.48,5.28,10.17,2.76,4.85,7.73,8.26,2.83,7.66,1.29,5.24,8.7,5.433275862068967,82
82,202111,0.85,1.27,1.11,2.35,1.02,1.46,1.02,7.87,1.78,0.38,1.51,4.9,0.0,0.05,0.03,0.1,2.49,0.5,0.0,0.58,3.04,0.83,3.19,0.27,0.47,0.38,0.41,1.71,2.36,0.0,2.01,1.56,0.0,0.78,0.4,0.0,0.0,1.64,0.56,0.14,1.0,0.09,0.74,1.72,3.26,2.25,2.44,0.99,3.33,0.34,0.77,2.36,4.39,0.24,1.14,0.01,0.91,1.81,1.324310344827586,83
83,202112,6.46,12.72,11.03,10.87,10.64,5.88,6.22,12.87,14.24,7.09,5.45,11.48,0.32,1.89,3.35,3.09,10.77,5.63,7.72,7.82,10.42,10.64,12.19,4.0,3.41,5.59,8.2,8.82,16.36,5.17,15.24,12.97,1.85,6.36,6.27,1.56,4.15,9.59,4.65,7.23,11.27,7.78,9.44,14.36,7.78,15.89,6.28,6.84,10.21,5.31,5.52,7.99,10.36,9.33,12.98,11.99,7.24,10.7,8.301379310344824,84
84,202201,0.17,0.13,0.28,0.9,0.21,0.23,0.2,4.79,0.47,0.03,0.28,3.24,0.0,0.01,0.06,0.01,1.03,0.26,0.14,0.03,1.08,0.03,1.62,0.03,0.56,0.01,0.1,0.82,0.97,0.07,0.68,0.68,0.04,0.08,0.03,0.06,0.25,0.63,0.04,0.12,0.54,0.19,0.15,0.49,1.52,0.64,1.74,0.36,1.03,0.04,0.09,0.62,2.07,0.02,0.06,0.3,0.27,0.7,0.5379310344827585,85
85,202202,0.05,0.64,0.37,0.09,0.35,0.01,0.03,1.48,0.77,0.21,0.01,0.72,0.02,0.05,0.16,0.09,0.06,0.22,0.17,0.12,0.07,0.27,0.17,0.03,0.36,0.13,0.14,0.06,0.58,0.21,0.69,0.29,0.24,0.02,0.04,0.19,0.95,0.03,0.03,0.05,0.1,0.14,0.16,0.08,0.07,0.71,0.41,0.02,0.08,0.07,0.0,0.03,0.21,0.59,0.44,0.09,0.01,0.09,0.2322413793103447,86
86,202203,0.68,1.46,1.42,1.42,1.3,0.92,0.67,4.78,1.5,1.58,1.04,2.66,0.05,0.19,1.13,1.08,1.37,0.75,1.3,1.71,1.04,1.6,1.58,0.93,0.75,0.63,1.41,1.03,1.44,1.09,1.41,1.01,0.36,1.0,1.17,0.2,1.71,0.61,0.68,1.16,1.02,1.64,0.91,1.63,1.29,1.06,1.72,0.65,1.52,0.87,0.84,1.23,1.52,1.72,1.47,1.91,1.0,1.25,1.225344827586207,87
87,202204,1.35,3.24,3.74,3.79,3.41,0.57,1.18,9.27,5.93,0.89,0.79,6.66,0.0,0.04,0.36,0.19,3.35,2.72,0.32,1.77,2.43,2.86,5.33,0.74,2.73,0.58,0.79,1.87,6.38,0.21,5.8,5.09,0.12,1.13,0.63,0.08,0.26,1.58,0.82,0.46,2.19,0.37,1.67,2.68,4.16,5.64,3.95,0.87,3.29,0.63,0.74,2.43,5.25,0.75,3.67,0.34,0.84,3.69,2.286551724137931,88
88,202205,0.01,0.65,0.2,0.53,0.1,0.11,0.01,5.53,0.57,0.0,0.2,2.71,0.0,0.0,0.0,0.0,0.36,0.64,0.02,0.02,0.02,0.05,0.95,0.0,1.03,0.08,0.0,0.13,0.6,0.01,0.67,0.55,0.0,0.04,0.0,0.0,0.01,0.01,0.01,0.0,0.05,0.01,0.03,0.01,0.43,0.62,1.11,0.05,0.19,0.01,0.06,0.25,1.01,0.0,0.29,0.01,0.04,0.24,0.3487931034482758,89
89,202206,0.07,0.58,0.47,1.26,0.25,0.4,0.09,3.59,0.91,0.05,0.5,1.78,0.0,0.09,0.17,0.05,0.66,1.48,0.13,0.02,0.56,0.08,1.07,0.01,1.27,0.07,0.07,0.29,1.39,0.06,1.02,1.27,0.04,0.16,0.17,0.04,0.02,0.36,0.07,0.0,0.12,0.0,0.02,0.06,1.14,1.61,1.18,0.17,0.82,0.01,0.3,1.07,1.16,0.16,0.3,0.02,0.26,0.84,0.5139655172413794,90
90,202207,0.0,0.08,0.01,0.0,0.0,0.01,0.0,0.5,0.01,0.07,0.01,0.57,0.02,0.17,0.01,0.0,0.04,0.01,0.02,0.05,0.01,0.02,0.13,0.0,0.03,0.35,0.0,0.01,0.01,0.01,0.01,0.01,0.05,0.0,0.0,0.44,0.01,0.04,0.0,0.0,0.04,0.0,0.01,0.02,0.06,0.01,0.48,0.0,0.02,0.01,0.0,0.01,0.21,0.0,0.03,0.0,0.0,0.0,0.0622413793103447,91
91,202208,0.0,1.33,0.16,0.01,0.17,0.01,0.0,0.04,0.21,0.37,0.03,0.03,0.66,1.24,0.08,0.01,0.05,0.17,0.01,0.33,0.04,0.23,0.05,0.02,0.33,2.0,0.03,0.08,0.21,0.02,0.24,0.1,0.82,0.0,0.02,0.98,0.24,0.01,0.0,0.0,0.03,0.0,0.01,0.02,0.02,0.26,0.18,0.02,0.13,0.02,0.0,0.02,0.06,0.37,0.7,0.0,0.0,0.03,0.2103448275862068,92
92,202209,0.59,1.5,1.12,1.72,1.36,1.34,0.56,0.44,1.51,0.77,1.71,1.02,0.87,0.53,0.35,0.08,2.09,1.07,0.48,0.74,1.03,1.12,2.32,0.22,0.99,1.43,0.62,1.1,1.63,0.42,1.54,1.3,0.73,0.46,0.24,0.35,1.02,0.4,0.32,0.69,0.46,0.39,0.85,1.13,1.15,1.58,0.92,0.7,1.53,0.26,1.27,1.37,2.33,0.16,1.78,0.38,1.01,1.28,0.971206896551724,93
93,202210,0.0,0.17,0.06,0.0,0.04,0.0,0.0,0.87,0.08,0.0,0.0,0.33,0.47,0.0,0.01,0.0,0.03,0.16,0.18,0.03,0.01,0.08,0.17,0.0,0.33,0.1,0.01,0.0,0.09,0.29,0.09,0.01,0.81,0.0,0.0,0.32,0.62,0.0,0.0,0.0,0.03,0.03,0.01,0.03,0.04,0.13,0.33,0.0,0.05,0.0,0.0,0.0,0.09,0.0,0.14,0.06,0.0,0.01,0.1087931034482758,94
94,202211,2.07,4.27,3.51,3.18,2.82,1.3,1.67,8.1,4.26,1.79,1.77,8.21,0.04,0.39,0.92,0.5,2.37,1.49,1.94,1.94,1.82,2.61,4.26,1.1,2.14,1.46,2.07,1.5,4.49,1.97,4.11,3.23,0.57,1.36,2.0,0.55,1.4,1.87,1.23,1.02,2.8,1.41,2.78,4.23,3.48,3.56,3.52,1.29,2.21,1.29,1.2,3.22,5.69,1.67,3.54,1.65,1.19,2.55,2.423793103448276,95