,date,demand,emissions,registered EVs
0,20221127T23Z,23637,6655,test
1,20221127T22Z,23599,7323,test
2,20221127T21Z,23323,7393,test
3,20221127T20Z,23718,7321,test
4,20221127T19Z,25038,7519,test
5,20221127T18Z,25331,7665,test
6,20221127T17Z,25362,7224,test
7,20221127T16Z,25404,6276,test
8,20221127T15Z,24703,3586,test
9,20221127T14Z,23990,3090,test
10,20221127T13Z,23568,3021,test
11,20221127T12Z,23512,2885,test
12,20221127T11Z,23950,2745,test
13,20221127T10Z,24615,3370,test
14,20221127T09Z,25550,3710,test
15,20221127T08Z,26799,4878,test
16,20221127T07Z,28003,6410,test
17,20221127T06Z,28612,6570,test
18,20221127T05Z,28997,6486,test
19,20221127T04Z,29363,6509,test
20,20221127T03Z,29454,6533,test
21,20221127T02Z,27572,6368,test
22,20221127T01Z,25298,6431,test
23,20221127T00Z,23429,6745,test
24,20221126T23Z,23082,6971,test
25,20221126T22Z,22876,7415,test
26,20221126T21Z,23264,7418,test
27,20221126T20Z,24271,7661,test
28,20221126T19Z,25283,7325,test
29,20221126T18Z,26096,7357,test
30,20221126T17Z,26171,6582,test
31,20221126T16Z,25478,5481,test
32,20221126T15Z,24525,2498,test
33,20221126T14Z,23743,1957,test
34,20221126T13Z,23687,1649,test
35,20221126T12Z,23651,1921,test
36,20221126T11Z,24117,2490,test
37,20221126T10Z,24786,2946,test
38,20221126T09Z,25659,3484,test
39,20221126T08Z,26594,5790,test
40,20221126T07Z,27676,6491,test
41,20221126T06Z,28341,6762,test
42,20221126T05Z,28925,6517,test
43,20221126T04Z,29468,6500,test
44,20221126T03Z,30101,6426,test
45,20221126T02Z,28522,6525,test
46,20221126T01Z,26380,6806,test
47,20221126T00Z,25474,7033,test
48,20221125T23Z,24587,7218,test
49,20221125T22Z,24160,7155,test
50,20221125T21Z,24306,7174,test
51,20221125T20Z,24752,7220,test
52,20221125T19Z,25562,7426,test
53,20221125T18Z,26048,8061,test
54,20221125T17Z,26263,7679,test
55,20221125T16Z,25904,6240,test
56,20221125T15Z,25068,4227,test
57,20221125T14Z,24070,3505,test
58,20221125T13Z,23660,3164,test
59,20221125T12Z,23847,3335,test
60,20221125T11Z,23967,3313,test
61,20221125T10Z,24158,3273,test
62,20221125T09Z,24754,3494,test
63,20221125T08Z,25623,5066,test
64,20221125T07Z,26182,6551,test
65,20221125T06Z,26404,6908,test
66,20221125T05Z,26654,6899,test
67,20221125T04Z,27131,6838,test
68,20221125T03Z,27937,6960,test
69,20221125T02Z,27053,6991,test
70,20221125T01Z,25571,6928,test
71,20221125T00Z,24327,7050,test
72,20221124T23Z,23995,7157,test
73,20221124T22Z,23689,7319,test
74,20221124T21Z,23884,6966,test
75,20221124T20Z,24408,7166,test
76,20221124T19Z,25370,7136,test
77,20221124T18Z,25570,7310,test
78,20221124T17Z,25923,6335,test
79,20221124T16Z,25971,5437,test
80,20221124T15Z,25180,3091,test
81,20221124T14Z,24519,2647,test
82,20221124T13Z,24383,2250,test
83,20221124T12Z,24620,2396,test
84,20221124T11Z,25071,2572,test
85,20221124T10Z,25940,2875,test
86,20221124T09Z,27020,3222,test
87,20221124T08Z,28435,4861,test
88,20221124T07Z,29636,6936,test
89,20221124T06Z,30648,6935,test
90,20221124T05Z,31437,7044,test
91,20221124T04Z,32074,7126,test
92,20221124T03Z,32403,7255,test
93,20221124T02Z,30981,7293,test
94,20221124T01Z,28906,7365,test
95,20221124T00Z,27337,7811,test
96,20221123T23Z,27107,8147,test
97,20221123T22Z,26854,8340,test
98,20221123T21Z,27299,8293,test
99,20221123T20Z,28139,8251,test
100,20221123T19Z,29128,8290,test
101,20221123T18Z,29954,8355,test
102,20221123T17Z,30188,7868,test
103,20221123T16Z,29987,6822,test
104,20221123T15Z,28025,4412,test
105,20221123T14Z,26322,4161,test
106,20221123T13Z,25643,4521,test
107,20221123T12Z,25620,4759,test
108,20221123T11Z,26081,4217,test
109,20221123T10Z,26956,4587,test
110,20221123T09Z,28066,5022,test
111,20221123T08Z,29302,6486,test
112,20221123T07Z,30824,8196,test
113,20221123T06Z,31627,7965,test
114,20221123T05Z,32293,7854,test
115,20221123T04Z,32896,7754,test
116,20221123T03Z,33178,7929,test
117,20221123T02Z,31663,8163,test
118,20221123T01Z,29568,8176,test
119,20221123T00Z,28101,8505,test
120,20221122T23Z,27156,8513,test
121,20221122T22Z,26972,9001,test
122,20221122T21Z,27220,9000,test
123,20221122T20Z,27545,8891,test
124,20221122T19Z,29278,9027,test
125,20221122T18Z,30845,8985,test
126,20221122T17Z,30949,8602,test
127,20221122T16Z,30673,7355,test
128,20221122T15Z,28797,5014,test
129,20221122T14Z,27126,4306,test
130,20221122T13Z,26516,3845,test
131,20221122T12Z,26365,4614,test
132,20221122T11Z,26620,4780,test
133,20221122T10Z,27179,4722,test
134,20221122T09Z,27853,6257,test
135,20221122T08Z,29324,7042,test
136,20221122T07Z,30995,8440,test
137,20221122T06Z,32109,8182,test
138,20221122T05Z,32869,8073,test
139,20221122T04Z,33521,8303,test
140,20221122T03Z,33708,8191,test
141,20221122T02Z,32019,8248,test
142,20221122T01Z,30000,8217,test
143,20221122T00Z,29073,8145,test
144,20221121T23Z,28461,8663,test
145,20221121T22Z,28284,9113,test
146,20221121T21Z,28068,9217,test
147,20221121T20Z,28303,9436,test
148,20221121T19Z,29343,9738,test
149,20221121T18Z,30457,9645,test
150,20221121T17Z,30513,9068,test
151,20221121T16Z,30052,7601,test
152,20221121T15Z,28189,6554,test
153,20221121T14Z,26459,5594,test
154,20221121T13Z,25511,4827,test
155,20221121T12Z,25196,5112,test
156,20221121T11Z,25322,4660,test
157,20221121T10Z,25838,4810,test
158,20221121T09Z,26389,5299,test
159,20221121T08Z,27610,6577,test
160,20221121T07Z,29013,7937,test
161,20221121T06Z,29825,7774,test
162,20221121T05Z,30327,7771,test
163,20221121T04Z,30722,7689,test
164,20221121T03Z,30765,7637,test
165,20221121T02Z,28956,7452,test
166,20221121T01Z,26571,7479,test
167,20221121T00Z,24792,7856,test
168,20221120T23Z,24218,8230,test
169,20221120T22Z,24162,8882,test
170,20221120T21Z,24342,9333,test
171,20221120T20Z,24805,9267,test
172,20221120T19Z,25592,9129,test
173,20221120T18Z,26407,8943,test
174,20221120T17Z,26720,8211,test
175,20221120T16Z,26492,6578,test
176,20221120T15Z,25724,3931,test
177,20221120T14Z,25097,3518,test
178,20221120T13Z,25024,3309,test
179,20221120T12Z,24837,3662,test
180,20221120T11Z,25219,3304,test
181,20221120T10Z,25840,3818,test
182,20221120T09Z,26568,3661,test
183,20221120T08Z,27716,5608,test
184,20221120T07Z,28892,7506,test
185,20221120T06Z,29598,7567,test
186,20221120T05Z,30124,7585,test
187,20221120T04Z,30599,7718,test
188,20221120T03Z,30833,7565,test
189,20221120T02Z,29031,7264,test
190,20221120T01Z,26770,7382,test
191,20221120T00Z,25595,7765,test
192,20221119T23Z,25213,8105,test
193,20221119T22Z,25478,8385,test
194,20221119T21Z,25573,8467,test
195,20221119T20Z,25998,8742,test
196,20221119T19Z,26819,8787,test
197,20221119T18Z,27904,8955,test
198,20221119T17Z,27885,8541,test
199,20221119T16Z,27747,6400,test
200,20221119T15Z,26743,4069,test
201,20221119T14Z,25722,3953,test
202,20221119T13Z,25425,3754,test
203,20221119T12Z,25380,3863,test
204,20221119T11Z,25769,3521,test
205,20221119T10Z,26463,3462,test
206,20221119T09Z,27138,4143,test
207,20221119T08Z,28535,5543,test
208,20221119T07Z,29831,7451,test
209,20221119T06Z,30743,7296,test
210,20221119T05Z,31410,7315,test
211,20221119T04Z,32110,7191,test
212,20221119T03Z,32528,7229,test
213,20221119T02Z,31157,7150,test
214,20221119T01Z,29217,7352,test
215,20221119T00Z,28667,7580,test
216,20221118T23Z,28560,8147,test
217,20221118T22Z,28082,8340,test
218,20221118T21Z,27917,8533,test
219,20221118T20Z,28005,8627,test
220,20221118T19Z,28665,8679,test
221,20221118T18Z,29947,8680,test
222,20221118T17Z,30956,8553,test
223,20221118T16Z,30399,7132,test
224,20221118T15Z,28416,5910,test
225,20221118T14Z,26519,5301,test
226,20221118T13Z,25885,5114,test
227,20221118T12Z,25696,5279,test
228,20221118T11Z,25957,5212,test
229,20221118T10Z,26554,5107,test
230,20221118T09Z,27456,5476,test
231,20221118T08Z,28889,6658,test
232,20221118T07Z,30516,8785,test
233,20221118T06Z,31654,8361,test
234,20221118T05Z,32464,7640,test
235,20221118T04Z,33063,7447,test
236,20221118T03Z,33358,7483,test
237,20221118T02Z,31916,7629,test
238,20221118T01Z,30439,7696,test
239,20221118T00Z,29454,7828,test
240,20221117T23Z,28500,8214,test
241,20221117T22Z,28420,8790,test
242,20221117T21Z,28384,9042,test
243,20221117T20Z,29194,9081,test
244,20221117T19Z,30645,9027,test
245,20221117T18Z,31291,9333,test
246,20221117T17Z,31753,8847,test
247,20221117T16Z,30951,8040,test
248,20221117T15Z,28509,5844,test
249,20221117T14Z,26606,4788,test
250,20221117T13Z,25915,4588,test
251,20221117T12Z,26032,4851,test
252,20221117T11Z,26582,4881,test
253,20221117T10Z,26756,5299,test
254,20221117T09Z,27326,4893,test
255,20221117T08Z,28906,6416,test
256,20221117T07Z,30654,8756,test
257,20221117T06Z,31701,8286,test
258,20221117T05Z,32619,7644,test
259,20221117T04Z,33324,7822,test
260,20221117T03Z,33573,7902,test
261,20221117T02Z,31854,8254,test
262,20221117T01Z,29470,8091,test
263,20221117T00Z,27940,7946,test
264,20221116T23Z,27300,8238,test
265,20221116T22Z,27168,8821,test
266,20221116T21Z,27236,8996,test
267,20221116T20Z,28368,8819,test
268,20221116T19Z,29296,9026,test
269,20221116T18Z,30091,9185,test
270,20221116T17Z,31254,8456,test
271,20221116T16Z,31002,6777,test
272,20221116T15Z,28752,4035,test
273,20221116T14Z,26656,3358,test
274,20221116T13Z,25917,3645,test
275,20221116T12Z,25955,3288,test
276,20221116T11Z,26147,4120,test
277,20221116T10Z,26823,3918,test
278,20221116T09Z,27337,3965,test
279,20221116T08Z,29082,5905,test
280,20221116T07Z,30848,8196,test
281,20221116T06Z,32004,8008,test
282,20221116T05Z,32832,7467,test
283,20221116T04Z,33458,7557,test
284,20221116T03Z,33592,7745,test
285,20221116T02Z,31772,7524,test
286,20221116T01Z,29369,7703,test
287,20221116T00Z,28063,7612,test
288,20221115T23Z,27153,7930,test
289,20221115T22Z,27266,8585,test
290,20221115T21Z,27377,8896,test
291,20221115T20Z,27631,8842,test
292,20221115T19Z,28485,8897,test
293,20221115T18Z,30230,9043,test
294,20221115T17Z,31472,8574,test
295,20221115T16Z,31128,6260,test
296,20221115T15Z,28824,4149,test
297,20221115T14Z,26765,3811,test
298,20221115T13Z,26073,3784,test
299,20221115T12Z,26062,3819,test
300,20221115T11Z,26118,3695,test
301,20221115T10Z,26580,3727,test
302,20221115T09Z,27409,4456,test
303,20221115T08Z,28869,7000,test
304,20221115T07Z,30699,8673,test
305,20221115T06Z,32015,8636,test
306,20221115T05Z,32965,7907,test
307,20221115T04Z,33599,8165,test
308,20221115T03Z,33707,8403,test
309,20221115T02Z,31725,8420,test
310,20221115T01Z,29281,8266,test
311,20221115T00Z,28036,8272,test
312,20221114T23Z,27138,8762,test
313,20221114T22Z,27010,9426,test
314,20221114T21Z,27250,9785,test
315,20221114T20Z,27813,9855,test
316,20221114T19Z,28854,9664,test
317,20221114T18Z,29934,9928,test
318,20221114T17Z,31049,9228,test
319,20221114T16Z,30209,6858,test
320,20221114T15Z,27758,4899,test
321,20221114T14Z,25854,4133,test
322,20221114T13Z,25150,4276,test
323,20221114T12Z,25083,4354,test
324,20221114T11Z,25158,4368,test
325,20221114T10Z,25628,4262,test
326,20221114T09Z,26643,4606,test
327,20221114T08Z,28185,6534,test
328,20221114T07Z,29540,8529,test
329,20221114T06Z,30199,7793,test
330,20221114T05Z,30907,7841,test
331,20221114T04Z,31290,7650,test
332,20221114T03Z,31196,8000,test
333,20221114T02Z,28801,7672,test
334,20221114T01Z,25640,8017,test
335,20221114T00Z,24188,8217,test
336,20221113T23Z,23421,8816,test
337,20221113T22Z,23583,8871,test
338,20221113T21Z,23753,8488,test
339,20221113T20Z,24633,8457,test
340,20221113T19Z,25459,8576,test
341,20221113T18Z,26375,8660,test
342,20221113T17Z,26373,7868,test
343,20221113T16Z,25967,5402,test
344,20221113T15Z,25227,3019,test
345,20221113T14Z,24677,3057,test
346,20221113T13Z,24577,2934,test
347,20221113T12Z,24768,2651,test
348,20221113T11Z,25324,2595,test
349,20221113T10Z,26013,2901,test
350,20221113T09Z,26524,2992,test
351,20221113T08Z,27573,4079,test
352,20221113T07Z,28581,6296,test
353,20221113T06Z,29318,6715,test
354,20221113T05Z,29904,6714,test
355,20221113T04Z,30388,6735,test
356,20221113T03Z,30335,6651,test
357,20221113T02Z,28518,6774,test
358,20221113T01Z,25942,6925,test
359,20221113T00Z,24239,7181,test
360,20221112T23Z,23712,7136,test
361,20221112T22Z,23673,7342,test
362,20221112T21Z,24040,7526,test
363,20221112T20Z,24604,7731,test
364,20221112T19Z,25613,7728,test
365,20221112T18Z,26574,7695,test
366,20221112T17Z,26677,7271,test
367,20221112T16Z,26997,5491,test
368,20221112T15Z,26169,2967,test
369,20221112T14Z,25527,2420,test
370,20221112T13Z,25234,2511,test
371,20221112T12Z,25142,2989,test
372,20221112T11Z,25774,2915,test
373,20221112T10Z,26560,3357,test
374,20221112T09Z,27363,3889,test
375,20221112T08Z,26426,5012,test
376,20221112T07Z,27634,7517,test
377,20221112T06Z,28449,7879,test
378,20221112T05Z,29248,7778,test
379,20221112T04Z,29790,7571,test
380,20221112T03Z,29884,7418,test
381,20221112T02Z,28222,7565,test
382,20221112T01Z,26468,7902,test
383,20221112T00Z,25477,8079,test
384,20221111T23Z,25857,8496,test
385,20221111T22Z,26164,9002,test
386,20221111T21Z,27393,9045,test
387,20221111T20Z,28023,9405,test
388,20221111T19Z,28331,9328,test
389,20221111T18Z,29565,9384,test
390,20221111T17Z,30175,8965,test
391,20221111T16Z,29214,7183,test
392,20221111T15Z,27681,5318,test
393,20221111T14Z,26228,4680,test
394,20221111T13Z,25570,4010,test
395,20221111T12Z,25608,4324,test
396,20221111T11Z,26034,4417,test
397,20221111T10Z,26566,4629,test
398,20221111T09Z,27433,5343,test
399,20221111T08Z,28942,6538,test
400,20221111T07Z,30511,8262,test
401,20221111T06Z,31615,7987,test
402,20221111T05Z,32397,7702,test
403,20221111T04Z,32901,7679,test
404,20221111T03Z,32984,7589,test
405,20221111T02Z,31231,7775,test
406,20221111T01Z,28712,7977,test
407,20221111T00Z,27301,8374,test
408,20221110T23Z,26578,8605,test
409,20221110T22Z,26588,9247,test
410,20221110T21Z,26537,9342,test
411,20221110T20Z,27198,9456,test
412,20221110T19Z,29477,9591,test
413,20221110T18Z,29638,9522,test
414,20221110T17Z,31362,9229,test
415,20221110T16Z,30596,6810,test
416,20221110T15Z,28270,4027,test
417,20221110T14Z,26375,3589,test
418,20221110T13Z,25706,4158,test
419,20221110T12Z,25665,3734,test
420,20221110T11Z,25618,3906,test
421,20221110T10Z,26281,3986,test
422,20221110T09Z,27093,4414,test
423,20221110T08Z,28804,6793,test
424,20221110T07Z,30520,8824,test
425,20221110T06Z,31814,8677,test
426,20221110T05Z,32827,7746,test
427,20221110T04Z,33454,7446,test
428,20221110T03Z,33425,7788,test
429,20221110T02Z,31564,7518,test
430,20221110T01Z,29297,7775,test
431,20221110T00Z,27689,7877,test
432,20221109T23Z,27577,8178,test
433,20221109T22Z,27708,8642,test
434,20221109T21Z,27943,8721,test
435,20221109T20Z,28559,8544,test
436,20221109T19Z,29449,8796,test
437,20221109T18Z,30784,8941,test
438,20221109T17Z,30966,8475,test
439,20221109T16Z,29891,6099,test
440,20221109T15Z,27627,3986,test
441,20221109T14Z,25845,3601,test
442,20221109T13Z,24927,4370,test
443,20221109T12Z,24972,4279,test
444,20221109T11Z,25558,4364,test
445,20221109T10Z,26044,4630,test
446,20221109T09Z,26880,5479,test
447,20221109T08Z,28446,7273,test
448,20221109T07Z,30288,8332,test
449,20221109T06Z,31778,7953,test
450,20221109T05Z,33017,7556,test
451,20221109T04Z,33705,6980,test
452,20221109T03Z,33954,7131,test
453,20221109T02Z,32739,7235,test
454,20221109T01Z,31614,7229,test
455,20221109T00Z,31288,7816,test
456,20221108T23Z,31631,8110,test
457,20221108T22Z,32512,8217,test
458,20221108T21Z,32416,8523,test
459,20221108T20Z,32564,8778,test
460,20221108T19Z,32576,8955,test
461,20221108T18Z,32000,8872,test
462,20221108T17Z,31368,8161,test
463,20221108T16Z,29571,7074,test
464,20221108T15Z,27361,6741,test
465,20221108T14Z,25700,6442,test
466,20221108T13Z,25179,6793,test
467,20221108T12Z,25341,7266,test
468,20221108T11Z,25267,7253,test
469,20221108T10Z,25929,7530,test
470,20221108T09Z,26765,6986,test
471,20221108T08Z,28136,7960,test
472,20221108T07Z,29722,8282,test
473,20221108T06Z,30968,7745,test
474,20221108T05Z,32046,7274,test
475,20221108T04Z,32886,7544,test
476,20221108T03Z,33336,7681,test
477,20221108T02Z,32187,7495,test
478,20221108T01Z,31060,7546,test
479,20221108T00Z,30367,7674,test
480,20221107T23Z,29821,8188,test
481,20221107T22Z,29975,8755,test
482,20221107T21Z,29971,9092,test
483,20221107T20Z,29746,9074,test
484,20221107T19Z,29790,9098,test
485,20221107T18Z,29742,9155,test
486,20221107T17Z,30019,8802,test
487,20221107T16Z,28649,7335,test
488,20221107T15Z,26538,6205,test
489,20221107T14Z,24926,6131,test
490,20221107T13Z,24459,6217,test
491,20221107T12Z,24396,6252,test
492,20221107T11Z,24751,6102,test
493,20221107T10Z,25374,6071,test
494,20221107T09Z,25525,6098,test
495,20221107T08Z,26708,7175,test
496,20221107T07Z,28084,7737,test
497,20221107T06Z,29303,7541,test
498,20221107T05Z,29906,7169,test
499,20221107T04Z,30390,7268,test
500,20221107T03Z,30365,7192,test
501,20221107T02Z,28256,7518,test
502,20221107T01Z,26169,7225,test
503,20221107T00Z,25028,6762,test
504,20221106T23Z,24021,7656,test
505,20221106T22Z,23777,8208,test
506,20221106T21Z,24193,8442,test
507,20221106T20Z,24641,8643,test
508,20221106T19Z,24897,8602,test
509,20221106T18Z,26003,8516,test
510,20221106T17Z,25613,7405,test
511,20221106T16Z,24565,5484,test
512,20221106T15Z,23688,3545,test
513,20221106T14Z,23336,3540,test
514,20221106T13Z,23370,3545,test
515,20221106T12Z,23162,4220,test
516,20221106T11Z,23440,4587,test
517,20221106T10Z,23950,4085,test
518,20221106T09Z,24761,5050,test
519,20221106T08Z,25766,5748,test
520,20221106T07Z,27247,6271,test
521,20221106T06Z,28405,6285,test
522,20221106T05Z,28310,6225,test
523,20221106T04Z,28693,6477,test
524,20221106T03Z,29714,6209,test
525,20221106T02Z,28505,6352,test
526,20221106T01Z,27397,6675,test
527,20221106T00Z,25904,7161,test
528,20221105T23Z,24953,7345,test
529,20221105T22Z,24909,7737,test
530,20221105T21Z,25020,7762,test
531,20221105T20Z,25224,7522,test
532,20221105T19Z,25944,7671,test
533,20221105T18Z,27054,7297,test
534,20221105T17Z,27376,6356,test
535,20221105T16Z,26980,4884,test
536,20221105T15Z,26034,4190,test
537,20221105T14Z,24981,4034,test
538,20221105T13Z,24742,4264,test
539,20221105T12Z,24866,3983,test
540,20221105T11Z,24768,3949,test
541,20221105T10Z,25536,4201,test
542,20221105T09Z,26091,5619,test
543,20221105T08Z,26858,6492,test
544,20221105T07Z,28299,7157,test
545,20221105T06Z,29722,7063,test
546,20221105T05Z,30580,7105,test
547,20221105T04Z,31328,7608,test
548,20221105T03Z,31530,7253,test
549,20221105T02Z,30158,7546,test
550,20221105T01Z,28610,7328,test
551,20221105T00Z,27673,7645,test
552,20221104T23Z,27609,7930,test
553,20221104T22Z,27933,8214,test
554,20221104T21Z,28569,8542,test
555,20221104T20Z,29235,8725,test
556,20221104T19Z,30703,8716,test
557,20221104T18Z,31434,8310,test
558,20221104T17Z,31893,7275,test
559,20221104T16Z,31842,5337,test
560,20221104T15Z,29857,4456,test
561,20221104T14Z,27224,4581,test
562,20221104T13Z,26035,4848,test
563,20221104T12Z,25645,4967,test
564,20221104T11Z,25763,5273,test
565,20221104T10Z,26095,5707,test
566,20221104T09Z,26842,6855,test
567,20221104T08Z,27383,9068,test
568,20221104T07Z,28656,8970,test
569,20221104T06Z,30142,8192,test
570,20221104T05Z,31314,7933,test
571,20221104T04Z,32233,8021,test
572,20221104T03Z,32243,8100,test
573,20221104T02Z,30363,8005,test
574,20221104T01Z,28331,8521,test
575,20221104T00Z,26792,8360,test
576,20221103T23Z,26743,8572,test
577,20221103T22Z,26812,8550,test
578,20221103T21Z,27562,8843,test
579,20221103T20Z,28024,8455,test
580,20221103T19Z,28670,8404,test
581,20221103T18Z,29840,7395,test
582,20221103T17Z,30779,6002,test
583,20221103T16Z,31051,3835,test
584,20221103T15Z,29320,3885,test
585,20221103T14Z,26626,3976,test
586,20221103T13Z,24936,4242,test
587,20221103T12Z,24711,4113,test
588,20221103T11Z,24701,4270,test
589,20221103T10Z,25069,5170,test
590,20221103T09Z,25789,6285,test
591,20221103T08Z,26926,7936,test
592,20221103T07Z,28618,7842,test
593,20221103T06Z,30225,6703,test
594,20221103T05Z,30639,6041,test
595,20221103T04Z,32250,6402,test
596,20221103T03Z,32585,6452,test
597,20221103T02Z,30924,6690,test
598,20221103T01Z,29148,6914,test
599,20221103T00Z,27712,7524,test
600,20221102T23Z,27242,8156,test
601,20221102T22Z,27562,8315,test
602,20221102T21Z,28157,8585,test
603,20221102T20Z,29074,8536,test
604,20221102T19Z,30024,8449,test
605,20221102T18Z,30567,7643,test
606,20221102T17Z,30468,6861,test
607,20221102T16Z,30295,4758,test
608,20221102T15Z,28662,3841,test
609,20221102T14Z,26224,4135,test
610,20221102T13Z,24746,4432,test
611,20221102T12Z,24646,4382,test
612,20221102T11Z,25094,4343,test
613,20221102T10Z,25222,5363,test
614,20221102T09Z,26183,6105,test
615,20221102T08Z,26874,7130,test
616,20221102T07Z,28479,6948,test
617,20221102T06Z,30246,6359,test
618,20221102T05Z,31575,6112,test
619,20221102T04Z,32403,6553,test
620,20221102T03Z,32738,6944,test
621,20221102T02Z,31450,6699,test
622,20221102T01Z,30115,6948,test
623,20221102T00Z,29204,7308,test
624,20221101T23Z,30137,7681,test
625,20221101T22Z,30538,8266,test
626,20221101T21Z,30512,8808,test
627,20221101T20Z,30804,8379,test
628,20221101T19Z,30511,8299,test
629,20221101T18Z,30171,7805,test
630,20221101T17Z,30090,6488,test
631,20221101T16Z,30131,5393,test
632,20221101T15Z,28779,5260,test
633,20221101T14Z,26648,5663,test
634,20221101T13Z,25134,5618,test
635,20221101T12Z,24975,5815,test
636,20221101T11Z,24985,5771,test
637,20221101T10Z,25218,6209,test
638,20221101T09Z,25673,6692,test
639,20221101T08Z,26676,8943,test
640,20221101T07Z,28131,8319,test
641,20221101T06Z,29937,7632,test
642,20221101T05Z,29738,7389,test
643,20221101T04Z,31153,7529,test
644,20221101T03Z,31837,7468,test
645,20221101T02Z,31623,7479,test
646,20221101T01Z,30814,7503,test
647,20221101T00Z,30638,7608,test
648,20221031T23Z,30502,7681,test
649,20221031T22Z,30609,8266,test
650,20221031T21Z,30080,8808,test
651,20221031T20Z,30154,8379,test
652,20221031T19Z,30357,8299,test
653,20221031T18Z,30120,7805,test
654,20221031T17Z,29686,6488,test
655,20221031T16Z,29813,5393,test
656,20221031T15Z,28719,5260,test
657,20221031T14Z,26178,5663,test
658,20221031T13Z,24563,5618,test
659,20221031T12Z,24230,5815,test
660,20221031T11Z,24380,5771,test
661,20221031T10Z,24543,6209,test
662,20221031T09Z,25182,6692,test
663,20221031T08Z,26078,8943,test
664,20221031T07Z,26919,8319,test
665,20221031T06Z,28341,7632,test
666,20221031T05Z,28648,7389,test
667,20221031T04Z,30266,7529,test
668,20221031T03Z,30570,7468,test
669,20221031T02Z,29222,7479,test
670,20221031T01Z,27364,7503,test
671,20221031T00Z,25651,7608,test
672,20221030T23Z,24755,7681,test
673,20221030T22Z,24303,8266,test
674,20221030T21Z,24025,8808,test
675,20221030T20Z,23950,8379,test
676,20221030T19Z,24411,8299,test
677,20221030T18Z,25050,7805,test
678,20221030T17Z,25023,6488,test
679,20221030T16Z,25305,5393,test
680,20221030T15Z,24832,5260,test
681,20221030T14Z,23931,5663,test
682,20221030T13Z,23680,5618,test
683,20221030T12Z,23699,5815,test
684,20221030T11Z,23946,5771,test
685,20221030T10Z,24636,6209,test
686,20221030T09Z,25426,6692,test
687,20221030T08Z,26366,8943,test
688,20221030T07Z,27275,8319,test
689,20221030T06Z,27797,7632,test
690,20221030T05Z,28627,7389,test
691,20221030T04Z,29447,7529,test
692,20221030T03Z,29961,7468,test
693,20221030T02Z,28742,7479,test
694,20221030T01Z,27191,7503,test
695,20221030T00Z,25576,7608,test
696,20221029T23Z,24602,7681,test
697,20221029T22Z,24658,8266,test
698,20221029T21Z,24951,8808,test
699,20221029T20Z,25282,8379,test
700,20221029T19Z,25988,8299,test
701,20221029T18Z,26686,7805,test
702,20221029T17Z,26495,6488,test
703,20221029T16Z,26837,5393,test
704,20221029T15Z,26066,5260,test
705,20221029T14Z,25160,5663,test
706,20221029T13Z,24739,5618,test
707,20221029T12Z,24663,5815,test
708,20221029T11Z,25018,5771,test
709,20221029T10Z,25672,6209,test
710,20221029T09Z,26456,6692,test
711,20221029T08Z,27393,8943,test
712,20221029T07Z,28794,8319,test
713,20221029T06Z,30225,7632,test
714,20221029T05Z,31128,7389,test
715,20221029T04Z,31572,7529,test
716,20221029T03Z,31956,7468,test
717,20221029T02Z,30913,7479,test
718,20221029T01Z,29917,7503,test
719,20221029T00Z,29601,7608,test
720,20221028T23Z,29318,9027,test
721,20221028T22Z,29227,9489,test
722,20221028T21Z,28892,9485,test
723,20221028T20Z,29068,9423,test
724,20221028T19Z,29303,9051,test
725,20221028T18Z,29793,8853,test
726,20221028T17Z,29828,7157,test
727,20221028T16Z,30526,5996,test
728,20221028T15Z,29283,5064,test
729,20221028T14Z,27112,5031,test
730,20221028T13Z,25680,4777,test
731,20221028T12Z,25440,5283,test
732,20221028T11Z,25584,4895,test
733,20221028T10Z,25959,4970,test
734,20221028T09Z,26148,5327,test
735,20221028T08Z,26924,8054,test
736,20221028T07Z,28530,8699,test
737,20221028T06Z,30286,8416,test
738,20221028T05Z,30935,8067,test
739,20221028T04Z,31989,8278,test
740,20221028T03Z,32845,8233,test
741,20221028T02Z,32090,8301,test
742,20221028T01Z,30620,8083,test
743,20221028T00Z,29387,8025,test
744,20221027T23Z,29055,8675,test
745,20221027T22Z,28296,8943,test
746,20221027T21Z,27884,9139,test
747,20221027T20Z,28446,8951,test
748,20221027T19Z,28894,9288,test
749,20221027T18Z,29546,8602,test
750,20221027T17Z,30215,6847,test
751,20221027T16Z,30378,4826,test
752,20221027T15Z,28933,3976,test
753,20221027T14Z,26696,4058,test
754,20221027T13Z,25159,4286,test
755,20221027T12Z,24548,4384,test
756,20221027T11Z,24603,4457,test
757,20221027T10Z,25027,4302,test
758,20221027T09Z,25889,5560,test
759,20221027T08Z,26724,7349,test
760,20221027T07Z,28370,7825,test
761,20221027T06Z,30151,7464,test
762,20221027T05Z,31534,7328,test
763,20221027T04Z,32697,7047,test
764,20221027T03Z,33003,6843,test
765,20221027T02Z,31833,6604,test
766,20221027T01Z,30284,6715,test
767,20221027T00Z,28475,6679,test
768,20221026T23Z,27409,7052,test
769,20221026T22Z,26972,7588,test
770,20221026T21Z,26948,8005,test
771,20221026T20Z,27694,8248,test
772,20221026T19Z,28720,8251,test
773,20221026T18Z,30249,8223,test
774,20221026T17Z,30255,6520,test
775,20221026T16Z,30167,4021,test
776,20221026T15Z,28911,2690,test
777,20221026T14Z,26781,3012,test
778,20221026T13Z,25220,3633,test
779,20221026T12Z,24897,3751,test
780,20221026T11Z,25355,4157,test
781,20221026T10Z,25354,5366,test
782,20221026T09Z,26249,4916,test
783,20221026T08Z,27193,7095,test
784,20221026T07Z,28619,7860,test
785,20221026T06Z,30236,7597,test
786,20221026T05Z,31377,7046,test
787,20221026T04Z,32455,7075,test
788,20221026T03Z,32800,7489,test
789,20221026T02Z,31734,6999,test
790,20221026T01Z,30321,7323,test
791,20221026T00Z,28893,7323,test
792,20221025T23Z,27944,7799,test
793,20221025T22Z,27589,8193,test
794,20221025T21Z,27739,8618,test
795,20221025T20Z,27719,8515,test
796,20221025T19Z,28055,8853,test
797,20221025T18Z,28754,8418,test
798,20221025T17Z,29663,6097,test
799,20221025T16Z,30355,4535,test
800,20221025T15Z,29018,3898,test
801,20221025T14Z,26959,3846,test
802,20221025T13Z,25431,4024,test
803,20221025T12Z,24969,3782,test
804,20221025T11Z,24819,4150,test
805,20221025T10Z,25521,4425,test
806,20221025T09Z,26218,5655,test
807,20221025T08Z,27031,7945,test
808,20221025T07Z,28545,8770,test
809,20221025T06Z,29958,8342,test
810,20221025T05Z,31355,8035,test
811,20221025T04Z,32514,7963,test
812,20221025T03Z,33009,7497,test
813,20221025T02Z,31983,7898,test
814,20221025T01Z,30192,8035,test
815,20221025T00Z,28541,8000,test
816,20221024T23Z,27486,8909,test
817,20221024T22Z,26728,8661,test
818,20221024T21Z,26846,8984,test
819,20221024T20Z,27401,9266,test
820,20221024T19Z,28556,9497,test
821,20221024T18Z,29483,9182,test
822,20221024T17Z,30304,7083,test
823,20221024T16Z,29813,4964,test
824,20221024T15Z,28226,3989,test
825,20221024T14Z,26071,3985,test
826,20221024T13Z,24713,3835,test
827,20221024T12Z,23857,4250,test
828,20221024T11Z,23999,4128,test
829,20221024T10Z,24494,5018,test
830,20221024T09Z,24971,6474,test
831,20221024T08Z,25537,7941,test
832,20221024T07Z,26611,8490,test
833,20221024T06Z,27897,8031,test
834,20221024T05Z,28189,7945,test
835,20221024T04Z,29701,7502,test
836,20221024T03Z,29638,7549,test
837,20221024T02Z,28048,7938,test
838,20221024T01Z,25746,7685,test
839,20221024T00Z,23569,7650,test
840,20221023T23Z,22583,7861,test
841,20221023T22Z,22057,7656,test
842,20221023T21Z,22058,7434,test
843,20221023T20Z,22765,7151,test
844,20221023T19Z,23690,6911,test
845,20221023T18Z,24586,6367,test
846,20221023T17Z,25127,4206,test
847,20221023T16Z,25396,2175,test
848,20221023T15Z,24704,1455,test
849,20221023T14Z,24157,1616,test
850,20221023T13Z,23970,1718,test
851,20221023T12Z,24026,2142,test
852,20221023T11Z,24369,2338,test
853,20221023T10Z,24922,2337,test
854,20221023T09Z,25804,3984,test
855,20221023T08Z,26475,5909,test
856,20221023T07Z,27445,7201,test
857,20221023T06Z,28435,7078,test
858,20221023T05Z,28583,7120,test
859,20221023T04Z,30152,7098,test
860,20221023T03Z,30322,6996,test
861,20221023T02Z,29302,7088,test
862,20221023T01Z,28416,7511,test
863,20221023T00Z,26985,7532,test
864,20221022T23Z,26512,7372,test
865,20221022T22Z,26239,7322,test
866,20221022T21Z,26560,7207,test
867,20221022T20Z,27367,7478,test
868,20221022T19Z,28135,7154,test
869,20221022T18Z,28773,6945,test
870,20221022T17Z,28701,5379,test
871,20221022T16Z,27876,3956,test
872,20221022T15Z,27159,2475,test
873,20221022T14Z,26440,2619,test
874,20221022T13Z,25748,2951,test
875,20221022T12Z,25768,3099,test
876,20221022T11Z,26379,3702,test
877,20221022T10Z,27127,4221,test
878,20221022T09Z,28294,5770,test
879,20221022T08Z,29521,6794,test
880,20221022T07Z,30474,7840,test
881,20221022T06Z,32002,7784,test
882,20221022T05Z,32617,7483,test
883,20221022T04Z,34515,7304,test
884,20221022T03Z,35531,7637,test
885,20221022T02Z,35777,7658,test
886,20221022T01Z,35684,8158,test
887,20221022T00Z,35047,8388,test
888,20221021T23Z,33607,7954,test
889,20221021T22Z,32257,8215,test
890,20221021T21Z,31518,8560,test
891,20221021T20Z,31482,8794,test
892,20221021T19Z,31884,8735,test
893,20221021T18Z,32433,8588,test
894,20221021T17Z,31954,7397,test
895,20221021T16Z,31257,5867,test
896,20221021T15Z,29892,5207,test
897,20221021T14Z,27963,4860,test
898,20221021T13Z,27130,4834,test
899,20221021T12Z,27137,5189,test
900,20221021T11Z,27466,5493,test
901,20221021T10Z,27971,5904,test
902,20221021T09Z,29077,6677,test
903,20221021T08Z,29916,8853,test
904,20221021T07Z,31933,8807,test
905,20221021T06Z,34074,8451,test
906,20221021T05Z,35170,8369,test
907,20221021T04Z,37721,8510,test
908,20221021T03Z,38864,8915,test
909,20221021T02Z,39438,8852,test
910,20221021T01Z,39227,9129,test
911,20221021T00Z,38195,9418,test
912,20221020T23Z,36529,9551,test
913,20221020T22Z,34912,9875,test
914,20221020T21Z,33701,10170,test
915,20221020T20Z,33303,10532,test
916,20221020T19Z,32666,11202,test
917,20221020T18Z,32666,11606,test
918,20221020T17Z,31766,9126,test
919,20221020T16Z,31103,7209,test
920,20221020T15Z,30370,6197,test
921,20221020T14Z,28472,5755,test
922,20221020T13Z,27172,5601,test
923,20221020T12Z,27297,6146,test
924,20221020T11Z,27573,6294,test
925,20221020T10Z,27764,6295,test
926,20221020T09Z,28707,7030,test
927,20221020T08Z,30195,8325,test
928,20221020T07Z,32606,9122,test
929,20221020T06Z,35117,9010,test
930,20221020T05Z,37192,8816,test
931,20221020T04Z,39092,8856,test
932,20221020T03Z,40441,9000,test
933,20221020T02Z,41174,8847,test
934,20221020T01Z,40915,8629,test
935,20221020T00Z,39569,8952,test
936,20221019T23Z,37460,9939,test
937,20221019T22Z,35460,10428,test
938,20221019T21Z,34424,11051,test
939,20221019T20Z,33667,11536,test
940,20221019T19Z,33082,12196,test
941,20221019T18Z,33064,12036,test
942,20221019T17Z,32115,10312,test
943,20221019T16Z,31281,7542,test
944,20221019T15Z,29819,6505,test
945,20221019T14Z,27785,5876,test
946,20221019T13Z,26809,5653,test
947,20221019T12Z,26697,6021,test
948,20221019T11Z,26863,5981,test
949,20221019T10Z,27413,6434,test
950,20221019T09Z,28514,7117,test
951,20221019T08Z,29630,8544,test
952,20221019T07Z,31761,9204,test
953,20221019T06Z,34251,8739,test
954,20221019T05Z,35378,8607,test
955,20221019T04Z,37276,8758,test
956,20221019T03Z,37975,8737,test
957,20221019T02Z,37990,8914,test
958,20221019T01Z,37356,9197,test
959,20221019T00Z,36370,9263,test
960,20221018T23Z,34787,10074,test
961,20221018T22Z,33757,11023,test
962,20221018T21Z,33309,11138,test
963,20221018T20Z,32829,11179,test
964,20221018T19Z,32429,10968,test
965,20221018T18Z,32705,10490,test
966,20221018T17Z,31649,8671,test
967,20221018T16Z,31309,6736,test
968,20221018T15Z,29615,5801,test
969,20221018T14Z,27711,5386,test
970,20221018T13Z,26317,6219,test
971,20221018T12Z,25919,6155,test
972,20221018T11Z,26132,6314,test
973,20221018T10Z,26514,6934,test
974,20221018T09Z,27513,7123,test
975,20221018T08Z,28843,8696,test
976,20221018T07Z,29815,9486,test
977,20221018T06Z,31474,9050,test
978,20221018T05Z,32346,8336,test
979,20221018T04Z,34479,8311,test
980,20221018T03Z,34973,8412,test
981,20221018T02Z,34376,8416,test
982,20221018T01Z,33295,8705,test
983,20221018T00Z,32032,9055,test
984,20221017T23Z,31171,9534,test
985,20221017T22Z,30328,9602,test
986,20221017T21Z,30143,9611,test
987,20221017T20Z,30088,9717,test
988,20221017T19Z,30783,9805,test
989,20221017T18Z,30984,9658,test
990,20221017T17Z,30445,7419,test
991,20221017T16Z,29556,5531,test
992,20221017T15Z,28105,5038,test
993,20221017T14Z,25767,4831,test
994,20221017T13Z,24468,5076,test
995,20221017T12Z,23495,5470,test
996,20221017T11Z,23723,5858,test
997,20221017T10Z,23997,6084,test
998,20221017T09Z,24834,6826,test
999,20221017T08Z,25780,7917,test
1000,20221017T07Z,27387,8641,test
1001,20221017T06Z,29019,7851,test
1002,20221017T05Z,29551,7644,test
1003,20221017T04Z,31124,6941,test
1004,20221017T03Z,31146,7195,test
1005,20221017T02Z,29845,7002,test
1006,20221017T01Z,28542,7206,test
1007,20221017T00Z,27608,7465,test
1008,20221016T23Z,26738,7741,test
1009,20221016T22Z,26741,7953,test
1010,20221016T21Z,27379,8315,test
1011,20221016T20Z,28062,8140,test
1012,20221016T19Z,27663,8289,test
1013,20221016T18Z,27308,7452,test
1014,20221016T17Z,26075,5526,test
1015,20221016T16Z,25096,4512,test
1016,20221016T15Z,24495,3748,test
1017,20221016T14Z,24129,4356,test
1018,20221016T13Z,23728,4812,test
1019,20221016T12Z,24009,5598,test
1020,20221016T11Z,24496,5260,test
1021,20221016T10Z,25129,5445,test
1022,20221016T09Z,26080,5515,test
1023,20221016T08Z,26960,6763,test
1024,20221016T07Z,28182,6696,test
1025,20221016T06Z,29457,6810,test
1026,20221016T05Z,30434,6478,test
1027,20221016T04Z,31331,6446,test
1028,20221016T03Z,31706,6339,test
1029,20221016T02Z,31028,6500,test
1030,20221016T01Z,30406,6683,test
1031,20221016T00Z,29525,7333,test
1032,20221015T23Z,28528,7217,test
1033,20221015T22Z,28429,7176,test
1034,20221015T21Z,28827,7400,test
1035,20221015T20Z,29076,7773,test
1036,20221015T19Z,29627,7736,test
1037,20221015T18Z,29498,7340,test
1038,20221015T17Z,28593,6239,test
1039,20221015T16Z,27194,5546,test
1040,20221015T15Z,26209,4748,test
1041,20221015T14Z,25433,5111,test
1042,20221015T13Z,25103,4902,test
1043,20221015T12Z,25101,5126,test
1044,20221015T11Z,25674,4852,test
1045,20221015T10Z,26474,5251,test
1046,20221015T09Z,27490,5440,test
1047,20221015T08Z,28627,6096,test
1048,20221015T07Z,30420,6626,test
1049,20221015T06Z,32024,6592,test
1050,20221015T05Z,32479,6546,test
1051,20221015T04Z,34451,6657,test
1052,20221015T03Z,35265,6586,test
1053,20221015T02Z,34760,6698,test
1054,20221015T01Z,34061,7050,test
1055,20221015T00Z,33215,7501,test
1056,20221014T23Z,32713,8095,test
1057,20221014T22Z,32188,8510,test
1058,20221014T21Z,32679,8481,test
1059,20221014T20Z,32900,8841,test
1060,20221014T19Z,33580,9012,test
1061,20221014T18Z,33391,8702,test
1062,20221014T17Z,32129,6880,test
1063,20221014T16Z,31008,5259,test
1064,20221014T15Z,29357,4847,test
1065,20221014T14Z,27203,4994,test
1066,20221014T13Z,25982,5585,test
1067,20221014T12Z,25691,5755,test
1068,20221014T11Z,26007,6046,test
1069,20221014T10Z,26612,5962,test
1070,20221014T09Z,27588,5879,test
1071,20221014T08Z,28929,7592,test
1072,20221014T07Z,30928,8144,test
1073,20221014T06Z,33082,7558,test
1074,20221014T05Z,34567,7244,test
1075,20221014T04Z,35977,7146,test
1076,20221014T03Z,36638,7200,test
1077,20221014T02Z,36308,7293,test
1078,20221014T01Z,35539,7544,test
1079,20221014T00Z,34127,7851,test
1080,20221013T23Z,32925,8346,test
1081,20221013T22Z,32614,8822,test
1082,20221013T21Z,32410,8644,test
1083,20221013T20Z,32941,9159,test
1084,20221013T19Z,33424,9589,test
1085,20221013T18Z,33253,8934,test
1086,20221013T17Z,32013,7361,test
1087,20221013T16Z,31255,5390,test
1088,20221013T15Z,29613,4415,test
1089,20221013T14Z,27552,4663,test
1090,20221013T13Z,26151,4790,test
1091,20221013T12Z,25985,5691,test
1092,20221013T11Z,26504,5768,test
1093,20221013T10Z,26994,5711,test
1094,20221013T09Z,28119,5247,test
1095,20221013T08Z,29469,6958,test
1096,20221013T07Z,31349,7601,test
1097,20221013T06Z,33486,7279,test
1098,20221013T05Z,35174,6796,test
1099,20221013T04Z,36706,6757,test
1100,20221013T03Z,37317,7018,test
1101,20221013T02Z,37091,7316,test
1102,20221013T01Z,36320,7636,test
1103,20221013T00Z,35196,7758,test
1104,20221012T23Z,34128,8301,test
1105,20221012T22Z,33260,9022,test
1106,20221012T21Z,32798,9036,test
1107,20221012T20Z,32994,9234,test
1108,20221012T19Z,33378,9432,test
1109,20221012T18Z,33731,9160,test
1110,20221012T17Z,32315,7578,test
1111,20221012T16Z,31301,6659,test
1112,20221012T15Z,29729,5410,test
1113,20221012T14Z,27551,5192,test
1114,20221012T13Z,26117,4652,test
1115,20221012T12Z,25691,5102,test
1116,20221012T11Z,26413,5461,test
1117,20221012T10Z,26892,5850,test
1118,20221012T09Z,28084,5740,test
1119,20221012T08Z,29538,7028,test
1120,20221012T07Z,31728,7535,test
1121,20221012T06Z,33888,7123,test
1122,20221012T05Z,35514,6853,test
1123,20221012T04Z,37007,6596,test
1124,20221012T03Z,37643,6923,test
1125,20221012T02Z,37352,6730,test
1126,20221012T01Z,36685,7342,test
1127,20221012T00Z,36032,8090,test
1128,20221011T23Z,34308,8754,test
1129,20221011T22Z,32887,9119,test
1130,20221011T21Z,32325,9356,test
1131,20221011T20Z,32473,9802,test
1132,20221011T19Z,33329,9859,test
1133,20221011T18Z,33869,9502,test
1134,20221011T17Z,32618,7953,test
1135,20221011T16Z,31521,6403,test
1136,20221011T15Z,29962,5801,test
1137,20221011T14Z,27908,4831,test
1138,20221011T13Z,26854,4720,test
1139,20221011T12Z,26899,5131,test
1140,20221011T11Z,26937,6035,test
1141,20221011T10Z,27612,6386,test
1142,20221011T09Z,28992,6334,test
1143,20221011T08Z,30289,7396,test
1144,20221011T07Z,32413,8024,test
1145,20221011T06Z,34717,7807,test
1146,20221011T05Z,35763,7481,test
1147,20221011T04Z,38179,7867,test
1148,20221011T03Z,39094,7556,test
1149,20221011T02Z,39316,7755,test
1150,20221011T01Z,38635,8435,test
1151,20221011T00Z,37273,8802,test
1152,20221010T23Z,35639,9117,test
1153,20221010T22Z,34404,9572,test
1154,20221010T21Z,33674,10052,test
1155,20221010T20Z,33722,10144,test
1156,20221010T19Z,34453,10420,test
1157,20221010T18Z,34602,9875,test
1158,20221010T17Z,32709,8241,test
1159,20221010T16Z,31127,7049,test
1160,20221010T15Z,29492,5952,test
1161,20221010T14Z,27345,5924,test
1162,20221010T13Z,26119,5901,test
1163,20221010T12Z,25798,6365,test
1164,20221010T11Z,25939,6887,test
1165,20221010T10Z,26316,6788,test
1166,20221010T09Z,27300,6504,test
1167,20221010T08Z,28676,7396,test
1168,20221010T07Z,30808,8092,test
1169,20221010T06Z,32921,7366,test
1170,20221010T05Z,34550,7079,test
1171,20221010T04Z,36035,7222,test
1172,20221010T03Z,36859,7208,test
1173,20221010T02Z,36766,7006,test
1174,20221010T01Z,36115,7289,test
1175,20221010T00Z,34604,7525,test
1176,20221009T23Z,33034,8423,test
1177,20221009T22Z,31082,9198,test
1178,20221009T21Z,29892,9253,test
1179,20221009T20Z,29528,9196,test
1180,20221009T19Z,29931,9508,test
1181,20221009T18Z,29752,9311,test
1182,20221009T17Z,28737,7224,test
1183,20221009T16Z,26743,5688,test
1184,20221009T15Z,25840,4997,test
1185,20221009T14Z,25345,4282,test
1186,20221009T13Z,25356,4226,test
1187,20221009T12Z,25851,4449,test
1188,20221009T11Z,26274,4852,test
1189,20221009T10Z,27135,5234,test
1190,20221009T09Z,28412,5227,test
1191,20221009T08Z,29994,5727,test
1192,20221009T07Z,32128,6844,test
1193,20221009T06Z,34010,6596,test
1194,20221009T05Z,35516,6613,test
1195,20221009T04Z,37094,6715,test
1196,20221009T03Z,38162,6927,test
1197,20221009T02Z,38337,7124,test
1198,20221009T01Z,38013,7186,test
1199,20221009T00Z,36898,7966,test
1200,20221008T23Z,35141,8517,test
1201,20221008T22Z,33326,9027,test
1202,20221008T21Z,32227,9254,test
1203,20221008T20Z,31476,9778,test
1204,20221008T19Z,31234,9883,test
1205,20221008T18Z,31376,9487,test
1206,20221008T17Z,30470,7671,test
1207,20221008T16Z,28186,6091,test
1208,20221008T15Z,27464,5635,test
1209,20221008T14Z,26674,5017,test
1210,20221008T13Z,26334,4951,test
1211,20221008T12Z,26325,5461,test
1212,20221008T11Z,26931,5410,test
1213,20221008T10Z,27973,6019,test
1214,20221008T09Z,29485,6493,test
1215,20221008T08Z,31059,7054,test
1216,20221008T07Z,33263,7897,test
1217,20221008T06Z,35317,7553,test
1218,20221008T05Z,36978,7446,test
1219,20221008T04Z,38809,7224,test
1220,20221008T03Z,40103,7262,test
1221,20221008T02Z,41254,7382,test
1222,20221008T01Z,41399,8037,test
1223,20221008T00Z,40486,8731,test
1224,20221007T23Z,38714,9561,test
1225,20221007T22Z,37253,10052,test
1226,20221007T21Z,35847,10030,test
1227,20221007T20Z,34435,10431,test
1228,20221007T19Z,34124,11069,test
1229,20221007T18Z,34237,10766,test
1230,20221007T17Z,33491,8605,test
1231,20221007T16Z,31880,7189,test
1232,20221007T15Z,30228,6393,test
1233,20221007T14Z,28263,5818,test
1234,20221007T13Z,27298,5978,test
1235,20221007T12Z,27504,5728,test
1236,20221007T11Z,27669,5848,test
1237,20221007T10Z,28212,6720,test
1238,20221007T09Z,29278,6963,test
1239,20221007T08Z,30718,7690,test
1240,20221007T07Z,33014,8014,test
1241,20221007T06Z,35337,7553,test
1242,20221007T05Z,37305,7362,test
1243,20221007T04Z,39274,7569,test
1244,20221007T03Z,40328,7624,test
1245,20221007T02Z,40906,7668,test
1246,20221007T01Z,41080,8086,test
1247,20221007T00Z,39670,8625,test
1248,20221006T23Z,37878,9111,test
1249,20221006T22Z,36347,9678,test
1250,20221006T21Z,34579,9627,test
1251,20221006T20Z,33972,9971,test
1252,20221006T19Z,33822,10768,test
1253,20221006T18Z,33917,10447,test
1254,20221006T17Z,33454,8805,test
1255,20221006T16Z,31200,7471,test
1256,20221006T15Z,30040,6737,test
1257,20221006T14Z,28364,6126,test
1258,20221006T13Z,27037,5644,test
1259,20221006T12Z,26823,5879,test
1260,20221006T11Z,27243,5723,test
1261,20221006T10Z,27788,6201,test
1262,20221006T09Z,29006,6639,test
1263,20221006T08Z,30731,7568,test
1264,20221006T07Z,33193,8522,test
1265,20221006T06Z,35735,7774,test
1266,20221006T05Z,37764,7316,test
1267,20221006T04Z,39822,7421,test
1268,20221006T03Z,41264,7395,test
1269,20221006T02Z,41952,7367,test
1270,20221006T01Z,41717,7631,test
1271,20221006T00Z,40149,8254,test
1272,20221005T23Z,38163,9249,test
1273,20221005T22Z,35930,9886,test
1274,20221005T21Z,34323,9837,test
1275,20221005T20Z,33422,10522,test
1276,20221005T19Z,33063,10865,test
1277,20221005T18Z,33453,10327,test
1278,20221005T17Z,32931,8787,test
1279,20221005T16Z,31618,7221,test
1280,20221005T15Z,30190,6730,test
1281,20221005T14Z,28228,5947,test
1282,20221005T13Z,26898,5456,test
1283,20221005T12Z,26802,5619,test
1284,20221005T11Z,27212,5546,test
1285,20221005T10Z,27983,5941,test
1286,20221005T09Z,29000,6569,test
1287,20221005T08Z,30307,7409,test
1288,20221005T07Z,32396,8353,test
1289,20221005T06Z,35018,7629,test
1290,20221005T05Z,37397,7560,test
1291,20221005T04Z,39333,7504,test
1292,20221005T03Z,40377,7497,test
1293,20221005T02Z,40890,7712,test
1294,20221005T01Z,40531,7864,test
1295,20221005T00Z,39080,8140,test
1296,20221004T23Z,36694,8783,test
1297,20221004T22Z,35089,9648,test
1298,20221004T21Z,34042,10030,test
1299,20221004T20Z,33729,10403,test
1300,20221004T19Z,33751,11068,test
1301,20221004T18Z,33840,10269,test
1302,20221004T17Z,32719,8330,test
1303,20221004T16Z,31286,7090,test
1304,20221004T15Z,29859,6069,test
1305,20221004T14Z,28001,5585,test
1306,20221004T13Z,26595,5716,test
1307,20221004T12Z,26466,5838,test
1308,20221004T11Z,26892,6345,test
1309,20221004T10Z,27400,6444,test
1310,20221004T09Z,28441,6329,test
1311,20221004T08Z,29941,6954,test
1312,20221004T07Z,32251,7829,test
1313,20221004T06Z,34698,7814,test
1314,20221004T05Z,35973,7550,test
1315,20221004T04Z,38447,7701,test
1316,20221004T03Z,39286,7719,test
1317,20221004T02Z,39496,7574,test
1318,20221004T01Z,38403,7657,test
1319,20221004T00Z,37044,7660,test
1320,20221003T23Z,35145,8134,test
1321,20221003T22Z,33961,8921,test
1322,20221003T21Z,32768,9116,test
1323,20221003T20Z,32080,9639,test
1324,20221003T19Z,31739,9969,test
1325,20221003T18Z,31850,9076,test
1326,20221003T17Z,31401,7464,test
1327,20221003T16Z,30452,6439,test
1328,20221003T15Z,29423,5534,test
1329,20221003T14Z,27371,5204,test
1330,20221003T13Z,25824,5195,test
1331,20221003T12Z,25210,4776,test
1332,20221003T11Z,25384,4547,test
1333,20221003T10Z,25935,5003,test
1334,20221003T09Z,26835,5223,test
1335,20221003T08Z,28270,6209,test
1336,20221003T07Z,30202,8092,test
1337,20221003T06Z,32362,7592,test
1338,20221003T05Z,33747,6810,test
1339,20221003T04Z,35007,6564,test
1340,20221003T03Z,35208,6581,test
1341,20221003T02Z,34603,6643,test
1342,20221003T01Z,33019,6834,test
1343,20221003T00Z,31105,7142,test
1344,20221002T23Z,28729,7481,test
1345,20221002T22Z,27371,8249,test
1346,20221002T21Z,26520,8482,test
1347,20221002T20Z,26326,8734,test
1348,20221002T19Z,26554,8850,test
1349,20221002T18Z,27130,8174,test
1350,20221002T17Z,26563,5909,test
1351,20221002T16Z,26229,4551,test
1352,20221002T15Z,25947,3047,test
1353,20221002T14Z,25011,2283,test
1354,20221002T13Z,24641,2116,test
1355,20221002T12Z,24779,2190,test
1356,20221002T11Z,25273,2295,test
1357,20221002T10Z,26158,3128,test
1358,20221002T09Z,27271,3123,test
1359,20221002T08Z,28552,5197,test
1360,20221002T07Z,30205,7095,test
1361,20221002T06Z,31866,6834,test
1362,20221002T05Z,33141,6109,test
1363,20221002T04Z,34461,6266,test
1364,20221002T03Z,35043,6252,test
1365,20221002T02Z,34747,6510,test
1366,20221002T01Z,33890,6855,test
1367,20221002T00Z,32734,6956,test
1368,20221001T23Z,30878,7236,test
1369,20221001T22Z,29525,7498,test
1370,20221001T21Z,28688,7804,test
1371,20221001T20Z,28334,8275,test
1372,20221001T19Z,28708,8374,test
1373,20221001T18Z,29534,7292,test
1374,20221001T17Z,28636,5237,test
1375,20221001T16Z,27650,4297,test
1376,20221001T15Z,27030,3820,test
1377,20221001T14Z,26158,3200,test
1378,20221001T13Z,25767,3427,test
1379,20221001T12Z,25925,3280,test
1380,20221001T11Z,26512,3566,test
1381,20221001T10Z,27566,3907,test
1382,20221001T09Z,28900,3896,test
1383,20221001T08Z,30549,5487,test
1384,20221001T07Z,32642,7060,test
1385,20221001T06Z,34793,6777,test
1386,20221001T05Z,35741,6655,test
1387,20221001T04Z,38507,6627,test
1388,20221001T03Z,39808,6499,test
1389,20221001T02Z,40626,6729,test
1390,20221001T01Z,40393,6964,test
1391,20221001T00Z,39642,7244,test
